fecha,valor,completo_mediciones,completo_umbral
2019/07/23,2.00,100.0,100.0
2019/07/24,1.70,100.0,100.0
2019/07/25,0.10,100.0,100.0
2019/07/26,0.00,100.0,100.0
2019/07/27,0.00,100.0,100.0
2019/07/28,0.00,100.0,100.0
2019/07/29,0.00,100.0,100.0
2019/07/30,0.00,100.0,100.0
2019/07/31,0.00,100.0,100.0
2019/08/01,0.00,100.0,100.0
2019/08/02,0.00,100.0,100.0
2019/08/03,0.00,100.0,100.0
2019/08/04,0.00,100.0,100.0
2019/08/05,0.00,100.0,100.0
2019/08/06,0.00,99.3,100.0
2019/08/07,0.00,99.3,100.0
2019/08/08,0.00,100.0,100.0
2019/08/09,0.00,100.0,100.0
2019/08/10,0.00,99.7,100.0
2019/08/11,0.00,99.7,100.0
2019/08/12,0.00,100.0,100.0
2019/08/13,0.00,99.7,100.0
2019/08/14,0.00,100.0,100.0
2019/08/15,0.10,95.1,91.7
2019/08/16,0.00,95.1,91.7
2019/08/17,0.00,100.0,100.0
2019/08/18,0.00,100.0,100.0
2019/08/19,0.00,100.0,100.0
2019/08/20,,51.4,45.8
2019/08/21,0.00,100.0,100.0
2019/08/22,0.00,100.0,100.0
2019/08/23,0.00,100.0,100.0
2019/08/24,0.00,100.0,100.0
2019/08/25,0.00,100.0,100.0
2019/08/26,0.00,100.0,100.0
2019/08/27,0.00,100.0,100.0
2019/08/28,0.00,100.0,100.0
2019/08/29,0.00,100.0,100.0
2019/08/30,0.00,100.0,100.0
2019/08/31,0.00,97.2,100.0
2019/09/01,0.00,97.9,100.0
2019/09/02,0.80,99.3,100.0
2019/09/03,0.00,99.0,100.0
2019/09/04,0.10,97.6,100.0
2019/09/05,0.00,99.7,100.0
2019/09/06,0.00,99.7,100.0
2019/09/07,0.00,97.9,100.0
2019/09/08,0.00,100.0,100.0
2019/09/09,0.00,99.3,100.0
2019/09/10,0.00,98.6,100.0
2019/09/11,0.00,99.7,100.0
2019/09/12,0.00,98.3,100.0
2019/09/13,0.00,100.0,100.0
2019/09/14,0.00,99.0,100.0
2019/09/15,0.00,100.0,100.0
2019/09/16,0.00,99.7,100.0
2019/09/17,0.00,96.9,100.0
2019/09/18,9.00,97.2,100.0
2019/09/19,1.00,99.0,100.0
2019/09/20,1.00,96.5,100.0
2019/09/21,0.00,95.8,95.8
2019/09/22,0.00,95.1,100.0
2019/09/23,0.50,96.5,95.8
2019/09/24,23.40,98.6,100.0
2019/09/25,0.00,98.6,100.0
2019/09/26,0.00,100.0,100.0
2019/09/27,0.00,97.6,95.8
2019/09/28,0.00,99.0,100.0
2019/09/29,10.60,97.9,100.0
2019/09/30,1.10,99.3,100.0
2019/10/01,0.00,99.3,100.0
2019/10/02,0.10,98.6,100.0
2019/10/03,3.60,100.0,100.0
2019/10/04,0.10,98.6,100.0
2019/10/05,0.70,99.0,100.0
2019/10/06,0.20,97.2,100.0
2019/10/07,6.00,97.9,100.0
2019/10/08,0.00,99.7,100.0
2019/10/09,0.00,99.3,100.0
2019/10/10,0.00,100.0,100.0
2019/10/11,0.00,99.7,100.0
2019/10/12,0.00,99.0,100.0
2019/10/13,8.30,99.0,100.0
2019/10/14,0.00,99.3,100.0
2019/10/15,0.00,98.6,100.0
2019/10/16,0.70,98.6,100.0
2019/10/17,22.30,99.3,100.0
2019/10/18,1.50,99.0,100.0
2019/10/19,19.60,95.5,91.7
2019/10/20,0.30,99.3,100.0
2019/10/21,1.20,99.7,100.0
2019/10/22,6.70,99.3,100.0
2019/10/23,25.90,99.0,100.0
2019/10/24,3.80,99.7,100.0
2019/10/25,0.10,98.3,100.0
2019/10/26,0.60,98.3,95.8
2019/10/27,0.00,99.0,100.0
2019/10/28,0.20,99.0,100.0
2019/10/29,0.00,100.0,100.0
2019/10/30,12.40,97.9,100.0
2019/10/31,0.00,100.0,100.0
2019/11/01,22.30,99.7,100.0
2019/11/02,1.70,99.7,100.0
2019/11/03,5.40,100.0,100.0
2019/11/04,1.30,98.6,100.0
2019/11/05,4.40,98.3,100.0
2019/11/06,4.70,99.3,100.0
2019/11/07,0.00,100.0,100.0
2019/11/08,0.00,98.3,100.0
2019/11/09,6.80,96.5,100.0
2019/11/10,6.40,99.7,100.0
2019/11/11,18.30,99.3,100.0
2019/11/12,10.40,100.0,100.0
2019/11/13,38.40,97.9,100.0
2019/11/14,2.60,99.3,100.0
2019/11/15,0.60,98.3,100.0
2019/11/16,0.00,100.0,100.0
2019/11/17,1.10,97.9,100.0
2019/11/18,12.00,98.3,100.0
2019/11/19,18.00,98.3,100.0
2019/11/20,5.90,99.0,100.0
2019/11/21,11.50,99.3,100.0
2019/11/22,4.60,100.0,100.0
2019/11/23,0.00,98.6,100.0
2019/11/24,0.00,99.7,100.0
2019/11/25,0.00,99.7,100.0
2019/11/26,0.00,98.6,100.0
2019/11/27,0.00,94.8,95.8
2019/11/28,0.20,99.0,100.0
2019/11/29,0.00,99.3,100.0
2019/11/30,0.00,99.3,100.0
2019/12/01,4.40,100.0,100.0
2019/12/02,0.10,97.6,100.0
2019/12/03,10.00,97.6,100.0
2019/12/04,0.50,99.0,100.0
2019/12/05,10.10,98.6,100.0
2019/12/06,17.40,96.9,100.0
2019/12/07,4.80,100.0,100.0
2019/12/08,15.50,99.0,100.0
2019/12/09,0.10,99.7,100.0
2019/12/10,17.20,98.3,100.0
2019/12/11,0.60,95.5,100.0
2019/12/12,8.90,96.9,100.0
2019/12/13,0.00,96.2,100.0
2019/12/14,1.50,94.8,100.0
2019/12/15,3.50,97.2,100.0
2019/12/16,0.10,99.0,100.0
2019/12/17,0.20,99.7,100.0
2019/12/18,5.80,100.0,100.0
2019/12/19,2.60,98.3,100.0
2019/12/20,0.00,99.3,100.0
2019/12/21,0.10,98.3,100.0
2019/12/22,0.00,99.7,100.0
2019/12/23,0.00,98.6,100.0
2019/12/24,0.00,97.6,100.0
2019/12/25,0.00,98.6,100.0
2019/12/26,0.00,99.0,100.0
2019/12/27,0.00,98.3,95.8
2019/12/28,0.00,97.9,100.0
2019/12/29,0.00,96.5,100.0
2019/12/30,13.60,99.0,100.0
2019/12/31,3.60,99.7,100.0
2020/01/01,14.60,99.0,100.0
2020/01/02,7.90,99.0,100.0
2020/01/03,0.20,98.3,100.0
2020/01/04,0.10,99.3,100.0
2020/01/05,0.00,99.3,100.0
2020/01/06,1.10,98.6,100.0
2020/01/07,0.20,100.0,100.0
2020/01/08,0.00,99.7,100.0
2020/01/09,0.00,98.6,100.0
2020/01/10,0.00,99.7,100.0
2020/01/11,0.00,99.7,100.0
2020/01/12,0.00,98.6,100.0
2020/01/13,0.00,99.0,100.0
2020/01/14,0.00,97.6,100.0
2020/01/15,0.00,99.7,100.0
2020/01/16,0.00,99.0,100.0
2020/01/17,0.00,99.3,100.0
2020/01/18,0.00,99.0,100.0
2020/01/19,0.00,99.3,100.0
2020/01/20,23.60,100.0,100.0
2020/01/21,12.60,99.7,100.0
2020/01/22,3.00,99.7,100.0
2020/01/23,0.00,99.7,100.0
2020/01/24,7.10,99.7,100.0
2020/01/25,0.10,99.7,100.0
2020/01/26,1.50,99.7,100.0
2020/01/27,0.70,99.0,100.0
2020/01/28,0.80,99.7,100.0
2020/01/29,9.50,99.0,100.0
2020/01/30,0.10,100.0,100.0
2020/01/31,0.00,99.0,100.0
2020/02/01,0.90,99.7,100.0
2020/02/02,0.00,99.7,100.0
2020/02/03,0.00,99.7,100.0
2020/02/04,0.00,100.0,100.0
2020/02/05,0.10,99.3,100.0
2020/02/06,0.00,99.3,100.0
2020/02/07,2.00,99.3,100.0
2020/02/08,7.20,100.0,100.0
2020/02/09,5.10,100.0,100.0
2020/02/10,0.10,99.3,100.0
2020/02/11,0.00,99.0,100.0
2020/02/12,0.00,97.9,100.0
2020/02/13,0.00,100.0,100.0
2020/02/14,0.10,98.3,100.0
2020/02/15,0.00,99.7,100.0
2020/02/16,0.00,97.9,100.0
2020/02/17,0.00,100.0,100.0
2020/02/18,0.00,97.9,100.0
2020/02/19,0.00,99.7,100.0
2020/02/20,0.00,98.3,100.0
2020/02/21,19.60,99.0,100.0
2020/02/22,17.30,97.6,100.0
2020/02/23,9.50,99.0,100.0
2020/02/24,8.60,99.7,100.0
2020/02/25,12.70,99.0,100.0
2020/02/26,20.00,97.9,100.0
2020/02/27,13.80,98.3,100.0
2020/02/28,6.50,97.2,100.0
2020/02/29,3.10,99.0,100.0
2020/03/01,0.00,98.6,100.0
2020/03/02,25.40,98.6,100.0
2020/03/03,0.00,98.3,100.0
2020/03/04,0.10,95.8,95.8
2020/03/05,0.00,100.0,100.0
2020/03/06,36.00,97.9,100.0
2020/03/07,3.80,99.3,100.0
2020/03/08,0.00,99.7,100.0
2020/03/09,0.00,99.7,100.0
2020/03/10,19.60,100.0,100.0
2020/03/11,9.80,100.0,100.0
2020/03/12,0.70,99.0,100.0
2020/03/13,14.50,97.9,95.8
2020/03/14,31.20,100.0,100.0
2020/03/15,3.70,99.0,100.0
2020/03/16,14.00,99.0,100.0
2020/03/17,6.70,96.9,100.0
2020/03/18,0.00,99.0,100.0
2020/03/19,0.10,95.8,100.0
2020/03/20,1.60,98.6,100.0
2020/03/21,0.00,98.6,100.0
2020/03/22,0.10,97.9,100.0
2020/03/23,0.00,95.5,91.7
2020/03/24,4.40,95.2,100.0
2020/03/25,8.70,97.2,100.0
2020/03/26,0.10,98.3,100.0
2020/03/27,0.90,97.9,100.0
2020/03/28,3.50,98.3,100.0
2020/03/29,0.00,98.3,100.0
2020/03/30,0.50,98.3,100.0
2020/03/31,3.60,96.2,100.0
2020/04/01,6.80,96.2,100.0
2020/04/02,2.90,97.9,100.0
2020/04/03,0.00,97.9,100.0
2020/04/04,0.00,99.3,100.0
2020/04/05,7.00,97.6,100.0
2020/04/06,0.00,98.3,100.0
2020/04/07,0.10,97.9,100.0
2020/04/08,0.00,97.9,100.0
2020/04/09,0.00,99.0,100.0
2020/04/10,0.30,98.6,100.0
2020/04/11,28.40,98.3,100.0
2020/04/12,0.90,98.6,100.0
2020/04/13,18.80,97.2,100.0
2020/04/14,2.80,99.3,100.0
2020/04/15,33.90,97.6,100.0
2020/04/16,6.80,98.3,100.0
2020/04/17,3.20,97.6,100.0
2020/04/18,18.80,97.2,100.0
2020/04/19,24.50,97.9,100.0
2020/04/20,0.10,99.0,100.0
2020/04/21,1.10,97.6,100.0
2020/04/22,9.00,98.6,100.0
2020/04/23,1.40,99.0,100.0
2020/04/24,3.60,99.3,100.0
2020/04/25,12.60,99.0,100.0
2020/04/26,5.80,99.0,100.0
2020/04/27,0.10,99.7,100.0
2020/04/28,0.00,97.9,100.0
2020/04/29,0.10,99.3,100.0
2020/04/30,14.50,99.0,100.0
2020/05/01,0.50,99.0,100.0
2020/05/02,3.60,99.0,100.0
2020/05/03,2.60,98.3,100.0
2020/05/04,5.40,98.6,100.0
2020/05/05,0.10,98.3,100.0
2020/05/06,0.00,98.3,100.0
2020/05/07,0.00,96.9,95.8
2020/05/08,0.10,99.0,100.0
2020/05/09,0.10,97.6,100.0
2020/05/10,0.00,97.9,100.0
2020/05/11,7.90,97.2,100.0
2020/05/12,8.60,99.0,100.0
2020/05/13,0.40,98.3,100.0
2020/05/14,0.10,99.3,100.0
2020/05/15,0.00,98.6,100.0
2020/05/16,0.00,99.7,100.0
2020/05/17,0.00,98.6,100.0
2020/05/18,0.00,99.0,100.0
2020/05/19,0.00,99.3,100.0
2020/05/20,0.00,99.3,100.0
2020/05/21,0.00,98.3,100.0
2020/05/22,0.00,99.0,100.0
2020/05/23,0.00,97.2,100.0
2020/05/24,0.00,97.6,100.0
2020/05/25,0.00,99.3,100.0
2020/05/26,0.00,99.3,100.0
2020/05/27,0.00,98.6,100.0
2020/05/28,0.50,98.3,100.0
2020/05/29,4.90,94.8,95.8
2020/05/30,2.00,96.2,100.0
2020/05/31,3.10,99.0,100.0
2020/06/01,0.70,99.7,100.0
2020/06/02,10.00,97.6,100.0
2020/06/03,2.20,98.3,100.0
2020/06/04,0.10,99.3,100.0
2020/06/05,0.50,100.0,100.0
2020/06/06,0.00,99.7,100.0
2020/06/07,9.50,99.3,100.0
2020/06/08,6.30,98.6,100.0
2020/06/09,0.00,100.0,100.0
2020/06/10,0.50,99.0,100.0
2020/06/11,0.00,98.6,100.0
2020/06/12,13.30,99.0,100.0
2020/06/13,0.60,98.6,100.0
2020/06/14,15.10,99.3,100.0
2020/06/15,0.00,100.0,100.0
2020/06/16,0.10,97.2,100.0
2020/06/17,0.00,99.3,100.0
2020/06/18,2.00,99.3,100.0
2020/06/19,1.10,99.7,100.0
2020/06/20,0.70,100.0,100.0
2020/06/21,3.10,98.3,100.0
2020/06/22,1.50,99.0,100.0
2020/06/23,0.00,98.6,100.0
2020/06/24,0.00,99.0,100.0
2020/06/25,0.20,98.6,95.8
2020/06/26,0.70,98.6,100.0
2020/06/27,0.00,100.0,100.0
2020/06/28,0.40,97.6,100.0
2020/06/29,0.10,97.2,100.0
2020/06/30,0.00,99.7,100.0
2020/07/01,0.00,98.6,100.0
2020/07/02,1.50,100.0,100.0
2020/07/03,0.70,97.9,100.0
2020/07/04,0.10,98.3,100.0
2020/07/05,0.10,99.0,100.0
2020/07/06,0.60,99.3,100.0
2020/07/07,10.30,99.7,100.0
2020/07/08,0.80,98.6,100.0
2020/07/09,0.10,97.6,100.0
2020/07/10,0.10,99.3,100.0
2020/07/11,6.10,99.0,100.0
2020/07/12,0.10,99.3,100.0
2020/07/13,7.10,98.3,100.0
2020/07/14,0.10,98.3,100.0
2020/07/15,0.00,97.6,100.0
2020/07/16,0.00,99.0,100.0
2020/07/17,0.60,98.6,100.0
2020/07/18,0.00,100.0,100.0
2020/07/19,0.00,98.3,95.8
2020/07/20,0.00,99.0,100.0
2020/07/21,0.00,99.3,100.0
2020/07/22,2.00,99.3,100.0
2020/07/23,2.30,98.6,100.0
2020/07/24,30.90,99.7,100.0
2020/07/25,0.10,99.0,100.0
2020/07/26,0.00,99.3,100.0
2020/07/27,0.00,99.0,100.0
2020/07/28,0.00,99.3,100.0
2020/07/29,0.00,97.9,100.0
2020/07/30,0.00,97.6,100.0
2020/07/31,0.00,98.6,100.0
2020/08/01,0.00,99.0,100.0
2020/08/02,0.00,99.0,100.0
2020/08/03,0.00,99.3,100.0
2020/08/04,0.00,99.3,100.0
2020/08/05,0.00,99.7,100.0
2020/08/06,0.00,97.9,100.0
2020/08/07,0.00,99.0,100.0
2020/08/08,0.00,99.7,100.0
2020/08/09,0.00,99.7,100.0
2020/08/10,0.00,99.3,100.0
2020/08/11,0.00,99.3,100.0
2020/08/12,0.00,97.9,100.0
2020/08/13,0.00,99.3,100.0
2020/08/14,2.50,98.6,100.0
2020/08/15,0.00,99.7,100.0
2020/08/16,0.00,99.0,100.0
2020/08/17,0.00,97.9,100.0
2020/08/18,3.50,100.0,100.0
2020/08/19,2.40,97.6,100.0
2020/08/20,0.60,99.7,100.0
2020/08/21,10.60,99.7,100.0
2020/08/22,6.20,99.7,100.0
2020/08/23,1.80,97.9,100.0
2020/08/24,0.00,99.3,100.0
2020/08/25,0.10,99.3,100.0
2020/08/26,0.00,99.3,100.0
2020/08/27,1.40,99.7,100.0
2020/08/28,1.70,99.0,100.0
2020/08/29,9.60,98.6,100.0
2020/08/30,35.50,99.3,100.0
2020/08/31,0.10,98.6,100.0
2020/09/01,1.00,99.3,100.0
2020/09/02,10.40,98.6,100.0
2020/09/03,0.00,99.3,100.0
2020/09/04,0.00,99.0,100.0
2020/09/05,0.00,99.3,100.0
2020/09/06,0.00,99.7,100.0
2020/09/07,0.00,99.0,100.0
2020/09/08,0.00,99.0,100.0
2020/09/09,0.00,97.9,100.0
2020/09/10,0.00,99.0,100.0
2020/09/11,0.10,98.6,100.0
2020/09/12,0.00,99.7,100.0
2020/09/13,0.00,99.0,100.0
2020/09/14,0.00,98.3,100.0
2020/09/15,0.00,99.0,100.0
2020/09/16,7.20,99.0,100.0
2020/09/17,15.40,98.6,100.0
2020/09/18,1.40,99.7,100.0
2020/09/19,0.00,99.7,100.0
2020/09/20,0.10,99.7,100.0
2020/09/21,0.00,99.7,100.0
2020/09/22,0.00,99.3,100.0
2020/09/23,1.60,99.3,100.0
2020/09/24,0.70,99.3,100.0
2020/09/25,0.00,99.3,100.0
2020/09/26,0.00,100.0,100.0
2020/09/27,22.40,97.2,100.0
2020/09/28,16.40,96.9,100.0
2020/09/29,21.80,99.3,100.0
2020/09/30,0.10,99.0,100.0
2020/10/01,0.00,99.7,100.0
2020/10/02,0.00,99.7,100.0
2020/10/03,0.00,99.3,100.0
2020/10/04,0.10,99.0,100.0
2020/10/05,0.00,100.0,100.0
2020/10/06,0.00,98.3,100.0
2020/10/07,10.80,98.3,100.0
2020/10/08,0.90,99.7,100.0
2020/10/09,0.00,98.3,100.0
2020/10/10,0.00,98.3,100.0
2020/10/11,0.00,98.3,100.0
2020/10/12,0.00,98.6,100.0
2020/10/13,0.00,98.6,100.0
2020/10/14,0.30,98.3,100.0
2020/10/15,0.00,98.3,100.0
2020/10/16,0.00,98.3,100.0
2020/10/17,0.00,99.7,100.0
2020/10/18,22.10,98.6,100.0
2020/10/19,21.70,98.3,100.0
2020/10/20,7.60,97.9,100.0
2020/10/21,0.10,99.0,100.0
2020/10/22,0.00,97.9,100.0
2020/10/23,0.00,99.0,100.0
2020/10/24,18.70,99.0,100.0
2020/10/25,4.10,97.2,100.0
2020/10/26,1.50,95.5,95.8
2020/10/27,0.10,97.6,100.0
2020/10/28,9.90,97.9,100.0
2020/10/29,0.00,98.6,100.0
2020/10/30,0.00,99.7,100.0
2020/10/31,0.00,98.6,100.0
2020/11/01,0.00,99.7,100.0
2020/11/02,0.00,99.3,100.0
2020/11/03,0.00,98.6,95.8
2020/11/04,0.00,98.6,100.0
2020/11/05,0.00,99.7,100.0
2020/11/06,0.00,99.3,100.0
2020/11/07,0.00,99.3,100.0
2020/11/08,0.00,99.3,100.0
2020/11/09,0.00,97.6,100.0
2020/11/10,0.00,99.0,100.0
2020/11/11,0.00,99.7,100.0
2020/11/12,0.00,99.3,100.0
2020/11/13,0.00,98.6,100.0
2020/11/14,0.50,98.6,100.0
2020/11/15,0.00,99.7,100.0
2020/11/16,0.00,99.7,100.0
2020/11/17,16.20,99.3,100.0
2020/11/18,5.20,98.6,100.0
2020/11/19,0.50,99.3,100.0
2020/11/20,37.50,99.3,100.0
2020/11/21,9.00,99.3,100.0
2020/11/22,5.60,99.7,100.0
2020/11/23,8.60,99.3,100.0
2020/11/24,0.00,99.3,100.0
2020/11/25,3.40,99.3,100.0
2020/11/26,11.90,99.0,100.0
2020/11/27,1.20,99.7,100.0
2020/11/28,5.20,99.3,100.0
2020/11/29,0.00,99.3,100.0
2020/11/30,0.00,98.3,100.0
2020/12/01,12.20,97.9,100.0
2020/12/02,21.90,97.6,100.0
2020/12/03,10.20,98.3,100.0
2020/12/04,5.40,98.3,100.0
2020/12/05,0.10,99.7,100.0
2020/12/06,0.00,99.7,100.0
2020/12/07,0.10,99.7,100.0
2020/12/08,0.00,97.2,100.0
2020/12/09,15.70,97.9,100.0
2020/12/10,7.80,97.6,100.0
2020/12/11,0.10,99.3,100.0
2020/12/12,0.00,99.7,100.0
2020/12/13,0.00,99.3,100.0
2020/12/14,0.10,99.3,100.0
2020/12/15,17.30,97.9,100.0
2020/12/16,0.10,98.6,100.0
2020/12/17,0.40,98.6,100.0
2020/12/18,2.50,99.3,100.0
2020/12/19,1.00,100.0,100.0
2020/12/20,10.00,99.7,100.0
2020/12/21,0.90,99.0,100.0
2020/12/22,1.70,97.9,100.0
2020/12/23,0.00,100.0,100.0
2020/12/24,1.80,99.3,100.0
2020/12/25,9.70,100.0,100.0
2020/12/26,0.60,98.3,100.0
2020/12/27,0.00,99.3,100.0
2020/12/28,11.30,99.7,100.0
2020/12/29,13.40,99.7,100.0
2020/12/30,11.90,100.0,100.0
2020/12/31,0.60,100.0,100.0
2021/01/01,0.00,100.0,100.0
2021/01/02,3.90,100.0,100.0
2021/01/03,23.70,100.0,100.0
2021/01/04,13.50,100.0,100.0
2021/01/05,3.90,100.0,100.0
2021/01/06,9.20,100.0,100.0
2021/01/07,46.10,100.0,100.0
2021/01/08,7.90,100.0,100.0
2021/01/09,0.40,100.0,100.0
2021/01/10,0.20,100.0,100.0
2021/01/11,1.00,100.0,100.0
2021/01/12,0.00,100.0,100.0
2021/01/13,0.10,100.0,100.0
2021/01/14,0.00,100.0,100.0
2021/01/15,0.20,100.0,100.0
2021/01/16,0.00,100.0,100.0
2021/01/17,0.00,100.0,100.0
2021/01/18,3.00,100.0,100.0
2021/01/19,0.10,100.0,100.0
2021/01/20,0.00,100.0,100.0
2021/01/21,4.90,100.0,100.0
2021/01/22,4.40,100.0,100.0
2021/01/23,1.80,100.0,100.0
2021/01/24,0.60,100.0,100.0
2021/01/25,0.00,100.0,100.0
2021/01/26,0.00,100.0,100.0
2021/01/27,0.00,100.0,100.0
2021/01/28,0.00,100.0,100.0
2021/01/29,0.00,100.0,100.0
2021/01/30,0.00,100.0,100.0
2021/01/31,0.00,100.0,100.0
2021/02/01,0.00,99.7,100.0
2021/02/02,0.00,100.0,100.0
2021/02/03,0.00,100.0,100.0
2021/02/04,0.00,99.3,100.0
2021/02/05,0.00,99.7,100.0
2021/02/06,0.00,99.0,100.0
2021/02/07,0.00,97.6,100.0
2021/02/08,8.40,95.8,100.0
2021/02/09,14.10,97.9,100.0
2021/02/10,0.00,97.6,100.0
2021/02/11,8.50,96.9,100.0
2021/02/12,0.00,98.6,100.0
2021/02/13,0.00,98.6,100.0
2021/02/14,0.40,98.6,100.0
2021/02/15,1.50,99.3,100.0
2021/02/16,2.00,99.0,100.0
2021/02/17,0.20,98.6,100.0
2021/02/18,1.70,99.3,100.0
2021/02/19,9.50,97.9,100.0
2021/02/20,12.80,97.9,100.0
2021/02/21,0.20,97.9,100.0
2021/02/22,4.50,99.0,100.0
2021/02/23,0.10,99.3,100.0
2021/02/24,0.00,99.3,100.0
2021/02/25,0.10,100.0,100.0
2021/02/26,0.20,99.7,100.0
2021/02/27,0.40,99.3,100.0
2021/02/28,30.10,100.0,100.0
2021/03/01,22.60,100.0,100.0
2021/03/02,13.80,99.0,100.0
2021/03/03,27.90,100.0,100.0
2021/03/04,7.10,99.7,100.0
2021/03/05,14.10,99.7,100.0
2021/03/06,0.10,99.3,100.0
2021/03/07,0.00,99.0,100.0
2021/03/08,7.30,100.0,100.0
2021/03/09,18.30,99.3,100.0
2021/03/10,9.80,99.7,100.0
2021/03/11,7.40,99.7,100.0
2021/03/12,5.80,100.0,100.0
2021/03/13,5.20,99.7,100.0
2021/03/14,17.20,98.3,100.0
2021/03/15,2.90,98.6,100.0
2021/03/16,3.10,97.9,100.0
2021/03/17,2.90,97.9,100.0
2021/03/18,19.90,100.0,100.0
2021/03/19,16.40,98.6,100.0
2021/03/20,0.10,99.7,100.0
2021/03/21,0.20,98.6,100.0
2021/03/22,11.60,98.3,100.0
2021/03/23,13.70,99.3,100.0
2021/03/24,23.60,99.3,100.0
2021/03/25,18.60,99.7,100.0
2021/03/26,12.30,99.3,100.0
2021/03/27,7.90,99.0,100.0
2021/03/28,1.10,98.3,100.0
2021/03/29,0.00,98.6,100.0
2021/03/30,0.00,97.6,100.0
2021/03/31,0.00,97.6,100.0
2021/04/01,1.60,97.9,100.0
2021/04/02,2.90,99.7,100.0
2021/04/03,14.80,98.6,100.0
2021/04/04,0.20,99.0,100.0
2021/04/05,0.00,97.9,100.0
2021/04/06,0.40,99.3,100.0
2021/04/07,0.10,100.0,100.0
2021/04/08,0.00,99.7,100.0
2021/04/09,13.50,100.0,100.0
2021/04/10,0.00,100.0,100.0
2021/04/11,0.00,99.3,100.0
2021/04/12,1.20,100.0,100.0
2021/04/13,0.00,100.0,100.0
2021/04/14,0.00,99.3,100.0
2021/04/15,0.20,100.0,100.0
2021/04/16,4.90,100.0,100.0
2021/04/17,0.10,100.0,100.0
2021/04/18,2.30,100.0,100.0
2021/04/19,11.30,100.0,100.0
2021/04/20,0.40,100.0,100.0
2021/04/21,15.80,100.0,100.0
2021/04/22,0.90,100.0,100.0
2021/04/23,5.80,100.0,100.0
2021/04/24,14.60,100.0,100.0
2021/04/25,0.10,100.0,100.0
2021/04/26,29.20,100.0,100.0
2021/04/27,5.60,99.7,100.0
2021/04/28,15.80,98.6,100.0
2021/04/29,6.80,99.3,100.0
2021/04/30,27.90,99.7,100.0
2021/05/01,21.00,100.0,100.0
2021/05/02,17.60,99.7,100.0
2021/05/03,3.10,100.0,100.0
2021/05/04,0.30,98.6,100.0
2021/05/05,6.50,99.7,100.0
2021/05/06,41.80,100.0,100.0
2021/05/07,0.20,100.0,100.0
2021/05/08,9.10,99.7,100.0
2021/05/09,0.10,100.0,100.0
2021/05/10,0.00,100.0,100.0
2021/05/11,0.00,100.0,100.0
2021/05/12,0.00,100.0,100.0
2021/05/13,0.00,100.0,100.0
2021/05/14,0.40,99.7,100.0
2021/05/15,0.50,100.0,100.0
2021/05/16,0.30,100.0,100.0
2021/05/17,19.50,100.0,100.0
2021/05/18,1.40,100.0,100.0
2021/05/19,0.00,100.0,100.0
2021/05/20,0.00,99.7,100.0
2021/05/21,1.00,100.0,100.0
2021/05/22,0.10,100.0,100.0
2021/05/23,0.00,100.0,100.0
2021/05/24,0.20,99.7,100.0
2021/05/25,0.00,100.0,100.0
2021/05/26,0.00,100.0,100.0
2021/05/27,0.00,99.7,100.0
2021/05/28,0.10,99.0,100.0
2021/05/29,22.20,98.3,95.8
2021/05/30,0.00,97.6,100.0
2021/05/31,11.90,100.0,100.0
2021/06/01,16.20,99.3,100.0
2021/06/02,0.10,99.7,100.0
2021/06/03,0.00,97.2,100.0
2021/06/04,3.30,96.5,95.8
2021/06/05,0.60,96.9,100.0
2021/06/06,0.10,95.1,100.0
2021/06/07,14.30,97.9,100.0
2021/06/08,2.10,97.2,100.0
2021/06/09,4.20,96.9,100.0
2021/06/10,0.00,96.5,100.0
2021/06/11,,70.5,70.8
2021/06/12,,,
2021/06/13,,,
2021/06/14,,24.3,25.0
2021/06/15,5.20,99.0,100.0
2021/06/16,0.00,97.6,100.0
2021/06/17,0.00,95.5,100.0
2021/06/18,0.00,97.6,100.0
2021/06/19,0.00,96.2,95.8
2021/06/20,1.20,96.9,100.0
2021/06/21,0.70,100.0,100.0
2021/06/22,0.00,100.0,100.0
2021/06/23,0.60,94.8,95.8
2021/06/24,4.20,97.9,100.0
2021/06/25,1.40,99.3,100.0
2021/06/26,1.70,97.6,100.0
2021/06/27,0.00,95.8,95.8
2021/06/28,2.70,96.9,100.0
2021/06/29,0.00,96.5,100.0
2021/06/30,0.40,99.3,100.0
2021/07/01,0.00,99.0,100.0
2021/07/02,0.10,98.6,100.0
2021/07/03,0.00,95.5,95.8
2021/07/04,0.00,98.6,100.0
2021/07/05,0.00,98.6,100.0
2021/07/06,0.00,98.6,100.0
2021/07/07,0.00,96.9,95.8
2021/07/08,0.00,98.3,100.0
2021/07/09,3.00,95.8,100.0
2021/07/10,0.20,98.3,100.0
2021/07/11,0.00,97.9,100.0
2021/07/12,0.00,97.9,100.0
2021/07/13,0.00,97.9,100.0
2021/07/14,0.00,98.6,100.0
2021/07/15,0.00,99.7,100.0
2021/07/16,0.00,95.5,100.0
2021/07/17,1.00,98.6,100.0
2021/07/18,1.30,96.5,100.0
2021/07/19,0.00,97.2,100.0
2021/07/20,0.00,97.6,100.0
2021/07/21,0.00,98.6,100.0
2021/07/22,0.00,98.3,100.0
2021/07/23,0.00,97.9,100.0
2021/07/24,0.00,96.2,95.8
2021/07/25,1.10,99.0,100.0
2021/07/26,0.00,98.6,100.0
2021/07/27,0.80,96.9,95.8
2021/07/28,0.10,97.6,100.0
2021/07/29,0.00,98.6,100.0
2021/07/30,0.00,96.2,100.0
2021/07/31,0.00,97.2,100.0
2021/08/01,0.00,95.8,100.0
2021/08/02,0.00,94.4,95.8
2021/08/03,0.00,91.7,100.0
2021/08/04,0.00,93.4,91.7
2021/08/05,0.00,98.6,100.0
2021/08/06,0.00,97.6,100.0
2021/08/07,0.00,97.9,100.0
2021/08/08,0.00,96.5,95.8
2021/08/09,0.00,95.5,100.0
2021/08/10,0.00,94.1,100.0
2021/08/11,0.00,93.8,91.7
2021/08/12,0.00,100.0,100.0
2021/08/13,3.30,99.7,100.0
2021/08/14,6.30,96.2,100.0
2021/08/15,9.00,93.4,91.7
2021/08/16,0.70,95.5,100.0
2021/08/17,0.00,95.8,95.8
2021/08/18,0.00,97.6,100.0
2021/08/19,0.00,95.5,100.0
2021/08/20,46.70,98.6,100.0
2021/08/21,0.10,97.6,100.0
2021/08/22,0.00,96.2,100.0
2021/08/23,0.70,94.5,100.0
2021/08/24,14.10,97.2,100.0
2021/08/25,2.60,97.2,100.0
2021/08/26,0.00,100.0,100.0
2021/08/27,0.20,95.8,95.8
2021/08/28,0.50,95.8,100.0
2021/08/29,0.00,99.0,100.0
2021/08/30,0.50,94.8,95.8
2021/08/31,8.70,99.7,100.0
2021/09/01,0.00,93.4,91.7
2021/09/02,0.40,94.5,100.0
2021/09/03,0.50,98.3,100.0
2021/09/04,0.00,96.5,95.8
2021/09/05,0.00,96.2,95.8
2021/09/06,27.60,96.5,91.7
2021/09/07,0.20,97.2,95.8
2021/09/08,2.10,97.2,100.0
2021/09/09,9.70,95.5,100.0
2021/09/10,0.00,93.8,100.0
2021/09/11,0.00,93.1,95.8
2021/09/12,0.20,94.1,100.0
2021/09/13,0.00,99.7,100.0
2021/09/14,0.00,99.7,100.0
2021/09/15,0.00,91.3,79.2
2021/09/16,0.00,98.3,100.0
2021/09/17,0.00,95.8,95.8
2021/09/18,1.20,96.2,100.0
2021/09/19,5.10,93.8,95.8
2021/09/20,1.00,99.7,100.0
2021/09/21,0.30,97.2,95.8
2021/09/22,0.20,97.6,100.0
2021/09/23,0.00,100.0,100.0
2021/09/24,0.00,99.0,100.0
2021/09/25,0.00,99.3,100.0
2021/09/26,0.00,95.8,100.0
2021/09/27,0.00,97.2,100.0
2021/09/28,0.00,97.2,100.0
2021/09/29,7.30,99.3,100.0
2021/09/30,15.40,95.8,95.8
2021/10/01,11.70,98.3,100.0
2021/10/02,1.90,97.9,100.0
2021/10/03,23.40,99.3,100.0
2021/10/04,0.00,94.8,91.7
2021/10/05,0.00,96.2,100.0
2021/10/06,0.00,99.0,100.0
2021/10/07,0.00,99.0,100.0
2021/10/08,0.00,99.3,100.0
2021/10/09,10.80,100.0,100.0
2021/10/10,2.50,94.1,95.8
2021/10/11,22.60,96.5,100.0
2021/10/12,13.50,97.2,100.0
2021/10/13,3.80,94.4,91.7
2021/10/14,17.90,100.0,100.0
2021/10/15,21.60,99.3,100.0
2021/10/16,0.80,96.2,100.0
2021/10/17,5.60,97.2,95.8
2021/10/18,26.00,97.2,100.0
2021/10/19,4.20,96.5,100.0
2021/10/20,18.50,99.0,100.0
2021/10/21,8.70,97.2,95.8
2021/10/22,9.80,97.9,100.0
2021/10/23,24.60,99.7,100.0
2021/10/24,14.50,99.3,100.0
2021/10/25,8.70,100.0,100.0
2021/10/26,0.60,98.3,100.0
2021/10/27,0.00,99.3,100.0
2021/10/28,0.00,99.7,100.0
2021/10/29,1.90,100.0,100.0
2021/10/30,20.70,99.0,100.0
2021/10/31,25.00,100.0,100.0
2021/11/01,15.90,99.0,100.0
2021/11/02,11.00,99.3,100.0
2021/11/03,0.00,99.3,100.0
2021/11/04,0.10,98.3,100.0
2021/11/05,0.20,100.0,100.0
2021/11/06,0.10,99.0,100.0
2021/11/07,0.00,99.7,100.0
2021/11/08,0.90,99.3,100.0
2021/11/09,1.70,98.3,95.8
2021/11/10,0.00,99.7,100.0
2021/11/11,0.00,100.0,100.0
2021/11/12,0.00,98.6,100.0
2021/11/13,0.30,100.0,100.0
2021/11/14,3.60,99.0,100.0
2021/11/15,0.00,99.3,100.0
2021/11/16,8.90,98.6,100.0
2021/11/17,1.30,96.9,100.0
2021/11/18,0.30,100.0,100.0
2021/11/19,8.50,98.3,100.0
2021/11/20,2.00,99.7,100.0
2021/11/21,0.00,97.2,100.0
2021/11/22,0.20,97.9,100.0
2021/11/23,4.90,99.7,100.0
2021/11/24,27.50,100.0,100.0
2021/11/25,20.10,99.0,100.0
2021/11/26,12.30,97.6,100.0
2021/11/27,7.10,99.3,100.0
2021/11/28,0.20,96.2,100.0
2021/11/29,6.80,99.0,100.0
2021/11/30,3.40,100.0,100.0
2021/12/01,6.10,100.0,100.0
2021/12/02,0.00,100.0,100.0
2021/12/03,0.10,100.0,100.0
2021/12/04,0.10,97.6,100.0
2021/12/05,0.10,99.0,100.0
2021/12/06,0.00,100.0,100.0
2021/12/07,0.00,100.0,100.0
2021/12/08,0.00,100.0,100.0
2021/12/09,9.50,99.7,100.0
2021/12/10,9.70,100.0,100.0
2021/12/11,23.50,99.3,100.0
2021/12/12,1.60,97.6,100.0
2021/12/13,10.60,98.6,100.0
2021/12/14,3.80,99.3,100.0
2021/12/15,1.10,98.3,100.0
2021/12/16,0.30,99.3,100.0
2021/12/17,0.30,99.7,100.0
2021/12/18,0.40,99.7,100.0
2021/12/19,0.40,97.6,100.0
2021/12/20,1.10,97.6,100.0
2021/12/21,0.20,97.6,100.0
2021/12/22,0.20,97.9,100.0
2021/12/23,0.80,98.3,100.0
2021/12/24,0.00,100.0,100.0
2021/12/25,0.00,100.0,100.0
2021/12/26,19.10,100.0,100.0
2021/12/27,0.40,99.3,100.0
2021/12/28,0.00,100.0,100.0
2021/12/29,0.00,99.0,100.0
2021/12/30,0.10,99.3,100.0
2021/12/31,0.00,99.0,100.0
2022/01/01,0.00,96.5,100.0
2022/01/02,0.00,100.0,100.0
2022/01/03,0.00,98.6,100.0
2022/01/04,0.00,97.6,100.0
2022/01/05,2.40,99.7,100.0
2022/01/06,0.10,99.7,100.0
2022/01/07,0.60,100.0,100.0
2022/01/08,0.30,99.3,100.0
2022/01/09,0.70,100.0,100.0
2022/01/10,2.50,99.0,100.0
2022/01/11,0.10,99.0,100.0
2022/01/12,0.00,97.9,100.0
2022/01/13,15.80,99.3,100.0
2022/01/14,5.70,99.3,100.0
2022/01/15,0.10,99.3,100.0
2022/01/16,0.00,96.5,100.0
2022/01/17,0.00,96.9,95.8
2022/01/18,0.10,99.0,100.0
2022/01/19,0.00,99.0,100.0
2022/01/20,0.00,99.7,100.0
2022/01/21,0.20,100.0,100.0
2022/01/22,5.60,99.3,100.0
2022/01/23,0.10,100.0,100.0
2022/01/24,0.00,99.3,100.0
2022/01/25,2.20,98.6,100.0
2022/01/26,0.10,96.9,95.8
2022/01/27,26.10,97.2,100.0
2022/01/28,14.00,99.7,100.0
2022/01/29,1.70,95.1,91.7
2022/01/30,2.00,97.2,95.8
2022/01/31,20.20,95.5,91.7
2022/02/01,1.60,100.0,100.0
2022/02/02,0.00,100.0,100.0
2022/02/03,0.00,100.0,100.0
2022/02/04,8.50,100.0,100.0
2022/02/05,0.70,100.0,100.0
2022/02/06,11.00,100.0,100.0
2022/02/07,7.70,100.0,100.0
2022/02/08,0.30,100.0,100.0
2022/02/09,0.30,100.0,100.0
2022/02/10,0.20,100.0,100.0
2022/02/11,0.10,100.0,100.0
2022/02/12,1.40,100.0,100.0
2022/02/13,5.20,100.0,100.0
2022/02/14,12.10,100.0,100.0
2022/02/15,0.10,100.0,100.0
2022/02/16,0.00,100.0,100.0
2022/02/17,3.10,100.0,100.0
2022/02/18,12.10,100.0,100.0
2022/02/19,0.60,100.0,100.0
2022/02/20,8.90,100.0,100.0
2022/02/21,8.80,100.0,100.0
2022/02/22,30.00,100.0,100.0
2022/02/23,9.40,100.0,100.0
2022/02/24,9.00,100.0,100.0
2022/02/25,0.20,100.0,100.0
2022/02/26,4.50,100.0,100.0
2022/02/27,4.00,100.0,100.0
2022/02/28,27.80,99.7,100.0
2022/03/01,1.20,95.1,95.8
2022/03/02,4.40,98.6,100.0
2022/03/03,1.30,99.3,100.0
2022/03/04,5.50,95.5,95.8
2022/03/05,22.20,100.0,100.0
2022/03/06,0.30,100.0,100.0
2022/03/07,10.20,100.0,100.0
2022/03/08,1.60,100.0,100.0
2022/03/09,0.00,100.0,100.0
2022/03/10,0.00,100.0,100.0
2022/03/11,1.20,100.0,100.0
2022/03/12,0.10,100.0,100.0
2022/03/13,17.70,100.0,100.0
2022/03/14,1.90,100.0,100.0
2022/03/15,4.80,100.0,100.0
2022/03/16,1.70,100.0,100.0
2022/03/17,8.50,100.0,100.0
2022/03/18,1.50,100.0,100.0
2022/03/19,0.00,100.0,100.0
2022/03/20,5.00,100.0,100.0
2022/03/21,21.60,100.0,100.0
2022/03/22,0.10,100.0,100.0
2022/03/23,0.00,100.0,100.0
2022/03/24,4.90,99.7,100.0
2022/03/25,0.00,99.7,100.0
2022/03/26,0.00,99.3,100.0
2022/03/27,0.00,100.0,100.0
2022/03/28,24.00,100.0,100.0
2022/03/29,40.30,100.0,100.0
2022/03/30,0.10,100.0,100.0
2022/03/31,0.00,99.7,100.0
2022/04/01,4.40,99.7,100.0
2022/04/02,0.60,99.7,100.0
2022/04/03,6.30,99.7,100.0
2022/04/04,0.10,99.3,100.0
2022/04/05,0.50,100.0,100.0
2022/04/06,0.40,98.6,100.0
2022/04/07,14.20,99.7,100.0
2022/04/08,3.50,100.0,100.0
2022/04/09,0.80,99.3,100.0
2022/04/10,22.70,95.5,95.8
2022/04/11,1.90,98.6,100.0
2022/04/12,0.00,99.7,100.0
2022/04/13,0.00,99.0,100.0
2022/04/14,0.00,100.0,100.0
2022/04/15,0.00,100.0,100.0
2022/04/16,0.00,100.0,100.0
2022/04/17,9.30,100.0,100.0
2022/04/18,29.10,100.0,100.0
2022/04/19,20.40,100.0,100.0
2022/04/20,29.40,100.0,100.0
2022/04/21,2.10,100.0,100.0
2022/04/22,0.50,100.0,100.0
2022/04/23,2.30,100.0,100.0
2022/04/24,3.80,100.0,100.0
2022/04/25,0.10,100.0,100.0
2022/04/26,0.00,100.0,100.0
2022/04/27,16.70,100.0,100.0
2022/04/28,1.40,100.0,100.0
2022/04/29,0.10,100.0,100.0
2022/04/30,0.00,100.0,100.0
2022/05/01,0.00,100.0,100.0
2022/05/02,0.00,100.0,100.0
2022/05/03,0.00,100.0,100.0
2022/05/04,1.00,100.0,100.0
2022/05/05,2.20,100.0,100.0
2022/05/06,1.50,100.0,100.0
2022/05/07,4.40,100.0,100.0
2022/05/08,3.40,100.0,100.0
2022/05/09,6.20,100.0,100.0
2022/05/10,22.80,99.0,100.0
2022/05/11,1.70,98.6,100.0
2022/05/12,0.80,100.0,100.0
2022/05/13,0.00,98.6,100.0
2022/05/14,3.30,99.0,100.0
2022/05/15,0.50,99.3,100.0
2022/05/16,7.10,99.7,100.0
2022/05/17,2.90,99.7,100.0
2022/05/18,22.20,99.3,100.0
2022/05/19,5.30,97.9,100.0
2022/05/20,0.10,99.3,100.0
2022/05/21,0.00,99.3,100.0
2022/05/22,0.00,100.0,100.0
2022/05/23,4.90,99.7,100.0
2022/05/24,0.10,99.3,100.0
2022/05/25,0.20,99.3,100.0
2022/05/26,0.00,99.7,100.0
2022/05/27,0.00,98.3,100.0
2022/05/28,19.10,100.0,100.0
2022/05/29,0.10,100.0,100.0
2022/05/30,0.10,99.7,100.0
2022/05/31,43.90,100.0,100.0
2022/06/01,9.20,100.0,100.0
2022/06/02,2.90,100.0,100.0
2022/06/03,10.00,100.0,100.0
2022/06/04,11.70,100.0,100.0
2022/06/05,8.80,100.0,100.0
2022/06/06,23.00,100.0,100.0
2022/06/07,13.70,99.3,100.0
2022/06/08,1.40,99.3,100.0
2022/06/09,2.30,100.0,100.0
2022/06/10,4.90,100.0,100.0
2022/06/11,0.10,100.0,100.0
2022/06/12,0.70,100.0,100.0
2022/06/13,0.00,99.3,100.0
2022/06/14,0.00,100.0,100.0
2022/06/15,0.80,99.0,100.0
2022/06/16,0.10,100.0,100.0
2022/06/17,0.00,100.0,100.0
2022/06/18,3.70,100.0,100.0
2022/06/19,1.50,99.7,100.0
2022/06/20,2.50,100.0,100.0
2022/06/21,0.00,99.7,100.0
2022/06/22,2.20,100.0,100.0
2022/06/23,7.00,100.0,100.0
2022/06/24,7.40,100.0,100.0
2022/06/25,5.40,100.0,100.0
2022/06/26,0.00,100.0,100.0
2022/06/27,0.00,98.6,100.0
2022/06/28,0.00,100.0,100.0
2022/06/29,0.00,99.7,100.0
2022/06/30,0.00,100.0,100.0
2022/07/01,3.20,99.7,100.0
2022/07/02,0.10,100.0,100.0
2022/07/03,0.30,100.0,100.0
2022/07/04,0.30,99.7,100.0
2022/07/05,0.00,100.0,100.0
2022/07/06,0.10,99.7,100.0
2022/07/07,0.00,99.7,100.0
2022/07/08,0.00,99.7,100.0
2022/07/09,0.50,99.7,100.0
2022/07/10,0.00,100.0,100.0
2022/07/11,2.10,99.7,100.0
2022/07/12,0.10,99.3,100.0
2022/07/13,0.40,100.0,100.0
2022/07/14,0.00,99.7,100.0
2022/07/15,0.40,99.0,100.0
2022/07/16,0.10,99.7,100.0
2022/07/17,0.00,97.9,100.0
2022/07/18,0.00,100.0,100.0
2022/07/19,0.00,99.0,100.0
2022/07/20,0.00,99.0,100.0
2022/07/21,0.00,99.0,100.0
2022/07/22,0.30,99.0,100.0
2022/07/23,11.40,100.0,100.0
2022/07/24,1.30,100.0,100.0
2022/07/25,10.70,97.9,100.0
2022/07/26,4.90,95.5,100.0
2022/07/27,2.90,100.0,100.0
2022/07/28,5.50,97.6,100.0
2022/07/29,0.00,98.6,100.0
2022/07/30,0.00,100.0,100.0
2022/07/31,12.10,100.0,100.0
2022/08/01,7.20,100.0,100.0
2022/08/02,5.00,100.0,100.0
2022/08/03,0.10,98.6,100.0
2022/08/04,0.00,99.3,100.0
2022/08/05,0.30,100.0,100.0
2022/08/06,0.10,100.0,100.0
2022/08/07,0.00,100.0,100.0
2022/08/08,0.00,100.0,100.0
2022/08/09,0.40,100.0,100.0
2022/08/10,0.00,100.0,100.0
2022/08/11,0.00,100.0,100.0
2022/08/12,0.00,99.7,100.0
2022/08/13,0.00,100.0,100.0
2022/08/14,0.00,100.0,100.0
2022/08/15,0.00,100.0,100.0
2022/08/16,0.70,95.8,95.8
2022/08/17,3.40,100.0,100.0
2022/08/18,0.20,100.0,100.0
2022/08/19,2.10,100.0,100.0
2022/08/20,0.00,100.0,100.0
2022/08/21,0.00,100.0,100.0
2022/08/22,0.00,100.0,100.0
2022/08/23,0.00,100.0,100.0
2022/08/24,0.00,99.7,100.0
2022/08/25,0.00,100.0,100.0
2022/08/26,3.30,100.0,100.0
2022/08/27,0.10,100.0,100.0
2022/08/28,0.00,100.0,100.0
2022/08/29,0.20,99.7,100.0
2022/08/30,0.00,100.0,100.0
2022/08/31,0.00,100.0,100.0
2022/09/01,0.00,100.0,100.0
2022/09/02,0.00,100.0,100.0
2022/09/03,0.00,100.0,100.0
2022/09/04,0.00,100.0,100.0
2022/09/05,0.00,100.0,100.0
2022/09/06,0.00,100.0,100.0
2022/09/07,0.10,99.7,100.0
2022/09/08,0.00,100.0,100.0
2022/09/09,0.00,100.0,100.0
2022/09/10,0.10,100.0,100.0
2022/09/11,0.00,99.7,100.0
2022/09/12,0.00,99.7,100.0
2022/09/13,9.20,100.0,100.0
2022/09/14,0.10,100.0,100.0
2022/09/15,0.10,100.0,100.0
2022/09/16,0.90,100.0,100.0
2022/09/17,0.00,100.0,100.0
2022/09/18,0.00,100.0,100.0
2022/09/19,0.00,100.0,100.0
2022/09/20,0.00,99.7,100.0
2022/09/21,3.50,99.7,100.0
2022/09/22,8.10,99.3,100.0
2022/09/23,0.00,99.7,100.0
2022/09/24,16.80,99.7,100.0
2022/09/25,1.30,100.0,100.0
2022/09/26,0.00,99.7,100.0
2022/09/27,0.00,100.0,100.0
2022/09/28,2.40,100.0,100.0
2022/09/29,1.50,100.0,100.0
2022/09/30,24.00,100.0,100.0
2022/10/01,0.00,100.0,100.0
2022/10/02,0.00,100.0,100.0
2022/10/03,0.00,99.0,100.0
2022/10/04,4.60,100.0,100.0
2022/10/05,6.60,100.0,100.0
2022/10/06,10.10,100.0,100.0
2022/10/07,15.30,100.0,100.0
2022/10/08,13.60,99.7,100.0
2022/10/09,0.00,99.7,100.0
2022/10/10,0.00,100.0,100.0
2022/10/11,0.00,100.0,100.0
2022/10/12,14.40,100.0,100.0
2022/10/13,17.40,100.0,100.0
2022/10/14,8.50,98.6,100.0
2022/10/15,0.70,98.3,95.8
2022/10/16,10.50,100.0,100.0
2022/10/17,6.50,100.0,100.0
2022/10/18,12.40,99.0,100.0
2022/10/19,15.80,98.6,100.0
2022/10/20,13.90,99.7,100.0
2022/10/21,0.20,100.0,100.0
2022/10/22,0.50,100.0,100.0
2022/10/23,0.30,100.0,100.0
2022/10/24,14.90,99.7,100.0
2022/10/25,2.60,99.7,100.0
2022/10/26,4.20,100.0,100.0
2022/10/27,0.80,99.7,100.0
2022/10/28,0.00,98.3,100.0
2022/10/29,0.00,99.7,100.0
2022/10/30,0.00,99.7,100.0
2022/10/31,0.00,99.3,100.0
2022/11/01,0.00,99.3,100.0
2022/11/02,0.00,100.0,100.0
2022/11/03,5.80,99.3,100.0
2022/11/04,2.40,99.7,100.0
2022/11/05,12.00,100.0,100.0
2022/11/06,0.10,99.3,100.0
2022/11/07,0.10,94.5,91.7
2022/11/08,5.10,98.6,100.0
2022/11/09,0.00,99.3,100.0
2022/11/10,3.50,100.0,100.0
2022/11/11,0.00,99.0,100.0
2022/11/12,9.60,100.0,100.0
2022/11/13,4.70,100.0,100.0
2022/11/14,5.90,98.6,100.0
2022/11/15,0.00,99.7,100.0
2022/11/16,1.30,98.3,100.0
2022/11/17,1.40,99.3,100.0
2022/11/18,16.00,99.7,100.0
2022/11/19,20.20,99.7,100.0
2022/11/20,25.90,100.0,100.0
2022/11/21,3.10,100.0,100.0
2022/11/22,0.00,98.6,100.0
2022/11/23,0.00,98.3,100.0
2022/11/24,0.00,98.3,100.0
2022/11/25,0.50,99.3,100.0
2022/11/26,0.00,97.9,100.0
2022/11/27,1.80,100.0,100.0
2022/11/28,0.00,99.7,100.0
2022/11/29,0.00,99.7,100.0
2022/11/30,0.00,100.0,100.0
2022/12/01,0.00,100.0,100.0
2022/12/02,0.00,100.0,100.0
2022/12/03,2.30,100.0,100.0
2022/12/04,0.00,100.0,100.0
2022/12/05,11.00,100.0,100.0
2022/12/06,0.30,99.7,100.0
2022/12/07,0.10,100.0,100.0
2022/12/08,0.00,100.0,100.0
2022/12/09,0.10,100.0,100.0
2022/12/10,0.00,100.0,100.0
2022/12/11,0.10,100.0,100.0
2022/12/12,0.00,100.0,100.0
2022/12/13,0.00,100.0,100.0
2022/12/14,1.10,100.0,100.0
2022/12/15,0.00,100.0,100.0
2022/12/16,0.00,100.0,100.0
2022/12/17,0.00,100.0,100.0
2022/12/18,6.40,100.0,100.0
2022/12/19,0.00,99.3,100.0
2022/12/20,0.00,100.0,100.0
2022/12/21,1.00,99.7,100.0
2022/12/22,0.00,100.0,100.0
2022/12/23,0.10,100.0,100.0
2022/12/24,0.00,100.0,100.0
2022/12/25,0.10,100.0,100.0
2022/12/26,45.00,100.0,100.0
2022/12/27,0.00,100.0,100.0
2022/12/28,0.00,100.0,100.0
2022/12/29,0.00,100.0,100.0
2022/12/30,4.80,100.0,100.0
2022/12/31,5.80,100.0,100.0
2023/01/01,37.40,99.7,100.0
2023/01/02,6.30,100.0,100.0
2023/01/03,3.50,100.0,100.0
2023/01/04,0.10,100.0,100.0
2023/01/05,1.20,100.0,100.0
2023/01/06,0.20,100.0,100.0
2023/01/07,0.00,100.0,100.0
2023/01/08,5.70,100.0,100.0
2023/01/09,16.40,100.0,100.0
2023/01/10,5.10,100.0,100.0
2023/01/11,13.90,100.0,100.0
2023/01/12,18.30,100.0,100.0
2023/01/13,3.60,100.0,100.0
2023/01/14,11.10,100.0,100.0
2023/01/15,4.40,100.0,100.0
2023/01/16,0.00,100.0,100.0
2023/01/17,0.00,100.0,100.0
2023/01/18,20.90,100.0,100.0
2023/01/19,14.40,100.0,100.0
2023/01/20,1.00,100.0,100.0
2023/01/21,3.70,100.0,100.0
2023/01/22,2.90,100.0,100.0
2023/01/23,0.10,100.0,100.0
2023/01/24,0.00,100.0,100.0
2023/01/25,0.00,100.0,100.0
2023/01/26,0.00,100.0,100.0
2023/01/27,0.00,100.0,100.0
2023/01/28,0.00,100.0,100.0
2023/01/29,0.00,99.7,100.0
2023/01/30,3.30,99.3,100.0
2023/01/31,12.40,100.0,100.0
2023/02/01,0.20,100.0,100.0
2023/02/02,0.70,100.0,100.0
2023/02/03,0.00,100.0,100.0
2023/02/04,0.00,100.0,100.0
2023/02/05,0.00,100.0,100.0
2023/02/06,0.00,100.0,100.0
2023/02/07,0.80,99.7,100.0
2023/02/08,9.70,100.0,100.0
2023/02/09,0.30,100.0,100.0
2023/02/10,0.10,100.0,100.0
2023/02/11,0.70,99.7,100.0
2023/02/12,0.10,100.0,100.0
2023/02/13,0.00,100.0,100.0
2023/02/14,0.00,100.0,100.0
2023/02/15,0.30,100.0,100.0
2023/02/16,7.70,100.0,100.0
2023/02/17,6.70,100.0,100.0
2023/02/18,0.80,100.0,100.0
2023/02/19,6.30,100.0,100.0
2023/02/20,0.90,100.0,100.0
2023/02/21,36.10,100.0,100.0
2023/02/22,1.10,100.0,100.0
2023/02/23,0.00,100.0,100.0
2023/02/24,0.00,100.0,100.0
2023/02/25,0.00,100.0,100.0
2023/02/26,0.00,100.0,100.0
2023/02/27,8.40,100.0,100.0
2023/02/28,0.00,100.0,100.0
2023/03/01,0.00,100.0,100.0
2023/03/02,0.00,100.0,100.0
2023/03/03,0.00,99.7,100.0
2023/03/04,0.80,100.0,100.0
2023/03/05,0.90,100.0,100.0
2023/03/06,1.40,100.0,100.0
2023/03/07,9.60,100.0,100.0
2023/03/08,11.10,99.3,100.0
2023/03/09,6.00,100.0,100.0
2023/03/10,13.70,100.0,100.0
2023/03/11,6.70,100.0,100.0
2023/03/12,14.00,100.0,100.0
2023/03/13,15.00,100.0,100.0
2023/03/14,3.20,100.0,100.0
2023/03/15,3.50,100.0,100.0
2023/03/16,2.50,100.0,100.0
2023/03/17,0.80,99.7,100.0
2023/03/18,3.50,100.0,100.0
2023/03/19,0.00,100.0,100.0
2023/03/20,0.40,100.0,100.0
2023/03/21,0.10,100.0,100.0
2023/03/22,0.00,100.0,100.0
2023/03/23,7.70,100.0,100.0
2023/03/24,34.00,100.0,100.0
2023/03/25,7.90,99.7,100.0
2023/03/26,0.00,100.0,100.0
2023/03/27,11.50,100.0,100.0
2023/03/28,31.90,100.0,100.0
2023/03/29,1.70,100.0,100.0
2023/03/30,0.00,100.0,100.0
2023/03/31,4.40,99.7,100.0
2023/04/01,0.30,100.0,100.0
2023/04/02,0.00,100.0,100.0
2023/04/03,21.10,100.0,100.0
2023/04/04,18.70,100.0,100.0
2023/04/05,10.90,99.7,100.0
2023/04/06,4.50,99.0,100.0
2023/04/07,0.20,100.0,100.0
2023/04/08,3.70,100.0,100.0
2023/04/09,0.00,100.0,100.0
2023/04/10,0.70,100.0,100.0
2023/04/11,0.10,100.0,100.0
2023/04/12,7.40,100.0,100.0
2023/04/13,0.00,100.0,100.0
2023/04/14,2.40,100.0,100.0
2023/04/15,0.10,100.0,100.0
2023/04/16,14.30,100.0,100.0
2023/04/17,4.00,100.0,100.0
2023/04/18,3.10,100.0,100.0
2023/04/19,0.10,100.0,100.0
2023/04/20,10.00,100.0,100.0
2023/04/21,26.50,100.0,100.0
2023/04/22,17.10,100.0,100.0
2023/04/23,3.60,99.7,100.0
2023/04/24,0.10,99.7,100.0
2023/04/25,8.50,99.7,100.0
2023/04/26,2.30,99.0,100.0
2023/04/27,3.00,100.0,100.0
2023/04/28,1.30,99.0,100.0
2023/04/29,0.20,99.7,100.0
2023/04/30,0.30,100.0,100.0
2023/05/01,1.10,100.0,100.0
2023/05/02,0.00,99.7,100.0
2023/05/03,0.00,100.0,100.0
2023/05/04,0.00,100.0,100.0
2023/05/05,0.00,100.0,100.0
2023/05/06,0.00,100.0,100.0
2023/05/07,0.00,100.0,100.0
2023/05/08,0.00,100.0,100.0
2023/05/09,0.00,100.0,100.0
2023/05/10,16.10,99.7,100.0
2023/05/11,14.90,100.0,100.0
2023/05/12,1.50,100.0,100.0
2023/05/13,14.60,100.0,100.0
2023/05/14,4.30,100.0,100.0
2023/05/15,0.00,99.7,100.0
2023/05/16,10.30,100.0,100.0
2023/05/17,0.10,100.0,100.0
2023/05/18,0.00,100.0,100.0
2023/05/19,0.00,100.0,100.0
2023/05/20,12.20,100.0,100.0
2023/05/21,14.30,100.0,100.0
2023/05/22,0.90,100.0,100.0
2023/05/23,6.40,100.0,100.0
2023/05/24,0.00,100.0,100.0
2023/05/25,2.50,100.0,100.0
2023/05/26,2.10,100.0,100.0
2023/05/27,0.10,100.0,100.0
2023/05/28,5.60,100.0,100.0
2023/05/29,0.50,99.3,100.0
2023/05/30,0.00,100.0,100.0
2023/05/31,0.00,100.0,100.0
2023/06/01,0.00,100.0,100.0
2023/06/02,0.00,100.0,100.0
2023/06/03,0.80,100.0,100.0
2023/06/04,0.00,100.0,100.0
2023/06/05,0.00,100.0,100.0
2023/06/06,9.60,100.0,100.0
2023/06/07,0.10,100.0,100.0
2023/06/08,2.00,96.2,95.8
2023/06/09,,31.3,29.2
2023/06/10,0.00,99.0,100.0
2023/06/11,0.00,100.0,100.0
2023/06/12,0.00,98.3,100.0
2023/06/13,0.00,99.0,100.0
2023/06/14,0.00,97.9,100.0
2023/06/15,0.00,97.6,100.0
2023/06/16,0.00,95.8,100.0
2023/06/17,0.00,96.2,100.0
2023/06/18,0.00,100.0,100.0
2023/06/19,0.00,98.6,100.0
2023/06/20,0.00,99.0,100.0
2023/06/21,0.00,98.6,100.0
2023/06/22,0.00,99.3,100.0
2023/06/23,0.00,99.3,100.0
2023/06/24,0.70,99.0,100.0
2023/06/25,0.20,99.0,100.0
2023/06/26,0.00,100.0,100.0
2023/06/27,0.00,99.7,100.0
2023/06/28,0.00,99.3,100.0
2023/06/29,0.00,99.0,100.0
2023/06/30,0.00,97.9,100.0
2023/07/01,0.00,98.6,100.0
2023/07/02,0.00,99.7,100.0
2023/07/03,0.00,99.3,100.0
2023/07/04,0.00,99.7,100.0
2023/07/05,0.00,97.6,100.0
2023/07/06,0.00,100.0,100.0
2023/07/07,5.50,99.3,100.0
2023/07/08,18.50,99.0,100.0
2023/07/09,3.00,98.3,100.0
2023/07/10,0.00,98.6,100.0
2023/07/11,0.00,99.0,100.0
2023/07/12,0.00,98.6,100.0
2023/07/13,0.00,98.6,100.0
2023/07/14,2.70,97.9,100.0
2023/07/15,0.10,97.9,100.0
2023/07/16,0.00,99.0,100.0
2023/07/17,0.00,99.3,100.0
2023/07/18,0.00,99.0,100.0
2023/07/19,0.00,99.7,100.0
2023/07/20,0.00,97.6,100.0
2023/07/21,0.00,99.0,100.0
2023/07/22,0.00,99.3,100.0
2023/07/23,0.00,99.7,100.0
2023/07/24,0.00,99.0,100.0
2023/07/25,0.10,98.6,100.0
2023/07/26,3.60,98.3,100.0
2023/07/27,2.50,97.2,100.0
2023/07/28,0.00,98.6,100.0
2023/07/29,0.00,98.3,100.0
2023/07/30,0.00,100.0,100.0
2023/07/31,0.00,99.3,100.0
2023/08/01,0.00,100.0,100.0
2023/08/02,0.00,99.3,100.0
2023/08/03,0.00,99.3,100.0
2023/08/04,0.00,99.3,100.0
2023/08/05,0.00,99.0,100.0
2023/08/06,0.00,99.3,100.0
2023/08/07,0.00,99.7,100.0
2023/08/08,0.00,99.3,100.0
2023/08/09,0.00,99.3,100.0
2023/08/10,0.00,99.3,100.0
2023/08/11,0.00,99.7,100.0
2023/08/12,0.00,99.0,100.0
2023/08/13,4.10,99.7,100.0
2023/08/14,0.10,98.6,100.0
2023/08/15,8.80,98.6,100.0
2023/08/16,0.40,98.3,100.0
2023/08/17,0.00,99.0,100.0
2023/08/18,0.00,98.6,100.0
2023/08/19,9.00,99.0,100.0
2023/08/20,9.90,99.7,100.0
2023/08/21,2.20,99.3,100.0
2023/08/22,1.60,99.0,100.0
2023/08/23,0.00,100.0,100.0
2023/08/24,0.00,100.0,100.0
2023/08/25,0.00,98.3,100.0
2023/08/26,8.40,100.0,100.0
2023/08/27,0.00,99.3,100.0
2023/08/28,0.00,98.6,100.0
2023/08/29,0.00,98.3,100.0
2023/08/30,0.00,99.3,100.0
2023/08/31,0.00,98.3,100.0
2023/09/01,0.00,99.0,100.0
2023/09/02,0.10,98.6,100.0
2023/09/03,0.00,99.3,100.0
2023/09/04,0.00,99.3,100.0
2023/09/05,0.40,99.0,100.0
2023/09/06,0.00,100.0,100.0
2023/09/07,0.00,100.0,100.0
2023/09/08,0.00,99.0,100.0
2023/09/09,0.00,99.3,100.0
2023/09/10,0.00,100.0,100.0
2023/09/11,0.00,99.0,100.0
2023/09/12,0.00,98.3,100.0
2023/09/13,0.00,99.7,100.0
2023/09/14,0.00,100.0,100.0
2023/09/15,0.00,99.3,100.0
2023/09/16,0.00,99.7,100.0
2023/09/17,0.00,100.0,100.0
2023/09/18,0.00,99.0,100.0
2023/09/19,0.00,99.3,100.0
2023/09/20,0.00,99.0,100.0
2023/09/21,0.00,99.0,100.0
2023/09/22,0.00,98.3,100.0
2023/09/23,10.80,99.7,100.0
2023/09/24,0.10,99.7,100.0
2023/09/25,11.80,100.0,100.0
2023/09/26,37.60,99.7,100.0
2023/09/27,1.30,100.0,100.0
2023/09/28,0.60,100.0,100.0
2023/09/29,0.10,99.7,100.0
2023/09/30,0.10,99.3,100.0
2023/10/01,0.00,98.6,100.0
2023/10/02,0.00,96.5,95.8
2023/10/03,7.90,99.7,100.0
2023/10/04,0.00,99.0,100.0
2023/10/05,0.00,99.0,100.0
2023/10/06,0.10,99.3,100.0
2023/10/07,2.70,100.0,100.0
2023/10/08,0.00,99.3,100.0
2023/10/09,3.00,99.3,100.0
2023/10/10,0.00,99.0,100.0
2023/10/11,6.90,99.0,100.0
2023/10/12,25.90,99.3,100.0
2023/10/13,42.70,98.3,100.0
2023/10/14,9.20,99.0,100.0
2023/10/15,10.40,99.3,100.0
2023/10/16,0.10,99.3,100.0
2023/10/17,28.40,100.0,100.0
2023/10/18,0.10,99.0,100.0
2023/10/19,0.00,99.0,100.0
2023/10/20,0.00,99.7,100.0
2023/10/21,7.30,97.6,100.0
2023/10/22,2.10,99.3,100.0
2023/10/23,0.10,99.0,100.0
2023/10/24,20.80,100.0,100.0
2023/10/25,18.20,99.7,100.0
2023/10/26,29.50,99.3,100.0
2023/10/27,0.20,99.7,100.0
2023/10/28,8.50,99.3,100.0
2023/10/29,0.00,97.9,100.0
2023/10/30,5.10,99.0,100.0
2023/10/31,0.10,99.7,100.0
2023/11/01,0.10,99.7,100.0
2023/11/02,0.00,99.7,100.0
2023/11/03,0.00,99.0,100.0
2023/11/04,0.00,100.0,100.0
2023/11/05,17.70,99.0,100.0
2023/11/06,3.20,99.3,100.0
2023/11/07,0.10,98.6,100.0
2023/11/08,0.00,99.7,100.0
2023/11/09,0.20,99.7,100.0
2023/11/10,0.10,100.0,100.0
2023/11/11,0.60,99.7,100.0
2023/11/12,0.70,100.0,100.0
2023/11/13,0.10,98.6,100.0
2023/11/14,1.90,99.3,100.0
2023/11/15,11.30,96.5,95.8
2023/11/16,0.00,96.9,100.0
2023/11/17,0.00,99.0,100.0
2023/11/18,5.80,99.7,100.0
2023/11/19,0.00,98.3,100.0
2023/11/20,2.20,100.0,100.0
2023/11/21,6.90,98.6,100.0
2023/11/22,18.20,99.3,100.0
2023/11/23,23.80,98.6,100.0
2023/11/24,7.60,97.9,100.0
2023/11/25,31.50,98.6,100.0
2023/11/26,0.00,94.1,100.0
2023/11/27,0.00,95.8,100.0
2023/11/28,0.00,97.6,95.8
2023/11/29,0.00,99.0,100.0
2023/11/30,0.00,95.5,100.0
2023/12/01,0.00,95.8,95.8
2023/12/02,0.00,100.0,100.0
2023/12/03,0.00,99.0,100.0
2023/12/04,0.00,100.0,100.0
2023/12/05,0.30,98.3,100.0
2023/12/06,9.10,97.6,100.0
2023/12/07,0.80,99.7,100.0
2023/12/08,0.00,95.8,100.0
2023/12/09,0.00,98.6,100.0
2023/12/10,1.80,100.0,100.0
2023/12/11,0.00,100.0,100.0
2023/12/12,0.00,100.0,100.0
2023/12/13,0.00,100.0,100.0
2023/12/14,0.80,99.7,100.0
2023/12/15,34.50,100.0,100.0
2023/12/16,17.60,100.0,100.0
2023/12/17,9.60,100.0,100.0
2023/12/18,31.90,99.7,100.0
2023/12/19,39.80,99.7,100.0
2023/12/20,2.20,100.0,100.0
2023/12/21,0.80,100.0,100.0
2023/12/22,20.90,99.3,100.0
2023/12/23,1.90,100.0,100.0
2023/12/24,0.10,100.0,100.0
2023/12/25,1.90,99.7,100.0
2023/12/26,41.90,99.0,100.0
2023/12/27,13.00,99.3,100.0
2023/12/28,32.60,100.0,100.0
2023/12/29,6.70,99.7,100.0
2023/12/30,0.20,99.7,100.0
2023/12/31,12.00,99.3,100.0
2024/01/01,4.30,99.7,100.0
2024/01/02,0.10,99.7,100.0
2024/01/03,16.00,100.0,100.0
2024/01/04,3.30,100.0,100.0
2024/01/05,0.20,100.0,100.0
2024/01/06,0.00,100.0,100.0
2024/01/07,0.00,99.7,100.0
2024/01/08,0.00,99.3,100.0
2024/01/09,0.00,99.0,100.0
2024/01/10,0.00,99.3,100.0
2024/01/11,0.00,100.0,100.0
2024/01/12,9.40,99.7,100.0
2024/01/13,0.30,99.7,100.0
2024/01/14,0.10,99.7,100.0
2024/01/15,0.00,99.7,100.0
2024/01/16,0.00,100.0,100.0
2024/01/17,0.00,99.3,100.0
2024/01/18,0.00,99.3,100.0
2024/01/19,0.00,99.0,100.0
2024/01/20,0.00,100.0,100.0
2024/01/21,0.00,100.0,100.0
2024/01/22,0.00,99.7,100.0
2024/01/23,0.00,99.3,100.0
2024/01/24,0.00,100.0,100.0
2024/01/25,0.00,99.3,100.0
2024/01/26,0.00,99.3,100.0
2024/01/27,0.00,99.7,100.0
2024/01/28,0.00,99.7,100.0
2024/01/29,0.00,99.7,100.0
2024/01/30,0.00,99.0,100.0
2024/01/31,0.00,99.3,100.0
2024/02/01,0.30,99.3,100.0
2024/02/02,4.80,99.7,100.0
2024/02/03,7.00,99.7,100.0
2024/02/04,27.10,100.0,100.0
2024/02/05,25.30,99.0,100.0
2024/02/06,0.10,99.3,100.0
2024/02/07,0.90,99.7,100.0
2024/02/08,0.00,100.0,100.0
2024/02/09,0.00,99.7,100.0
2024/02/10,4.40,100.0,100.0
2024/02/11,0.10,98.3,100.0
2024/02/12,0.00,99.7,100.0
2024/02/13,0.00,99.0,100.0
2024/02/14,0.00,99.3,100.0
2024/02/15,0.00,98.6,100.0
2024/02/16,0.00,99.0,100.0
2024/02/17,0.00,98.6,100.0
2024/02/18,0.00,100.0,100.0
2024/02/19,0.10,99.7,100.0
2024/02/20,11.20,99.0,100.0
2024/02/21,0.50,100.0,100.0
2024/02/22,0.20,99.3,100.0
2024/02/23,0.00,100.0,100.0
2024/02/24,1.50,99.3,100.0
2024/02/25,11.60,98.6,100.0
2024/02/26,14.10,98.6,100.0
2024/02/27,4.60,100.0,100.0
2024/02/28,0.60,99.7,100.0
2024/02/29,0.00,99.0,100.0
2024/03/01,0.70,99.7,100.0
2024/03/02,2.60,100.0,100.0
2024/03/03,11.80,99.7,100.0
2024/03/04,0.20,99.3,100.0
2024/03/05,0.00,99.7,100.0
2024/03/06,0.00,100.0,100.0
2024/03/07,0.00,99.0,100.0
2024/03/08,0.00,100.0,100.0
2024/03/09,0.00,99.7,100.0
2024/03/10,0.00,100.0,100.0
2024/03/11,0.00,99.0,100.0
2024/03/12,0.00,99.3,100.0
2024/03/13,0.00,99.3,100.0
2024/03/14,0.00,100.0,100.0
2024/03/15,0.00,99.7,100.0
2024/03/16,0.00,99.7,100.0
2024/03/17,0.00,99.0,100.0
2024/03/18,0.00,99.3,100.0
2024/03/19,0.00,98.3,100.0
2024/03/20,0.00,99.7,100.0
2024/03/21,4.20,100.0,100.0
2024/03/22,4.30,99.3,100.0
2024/03/23,0.20,99.7,100.0
2024/03/24,9.50,100.0,100.0
2024/03/25,18.80,100.0,100.0
2024/03/26,0.30,99.7,100.0
2024/03/27,16.60,99.0,100.0
2024/03/28,7.30,99.7,100.0
2024/03/29,8.60,97.9,100.0
2024/03/30,17.60,99.3,100.0
2024/03/31,27.20,99.0,100.0
2024/04/01,15.30,96.9,100.0
2024/04/02,25.60,99.3,100.0
2024/04/03,1.50,97.6,100.0
2024/04/04,0.70,99.7,100.0
2024/04/05,0.80,100.0,100.0
2024/04/06,0.00,100.0,100.0
2024/04/07,0.00,100.0,100.0
2024/04/08,0.00,99.0,100.0
2024/04/09,0.00,98.3,100.0
2024/04/10,0.00,100.0,100.0
2024/04/11,0.00,100.0,100.0
2024/04/12,0.00,99.0,100.0
2024/04/13,0.00,99.0,100.0
2024/04/14,5.00,100.0,100.0
2024/04/15,0.70,99.3,100.0
2024/04/16,0.00,100.0,100.0
2024/04/17,0.00,100.0,100.0
2024/04/18,6.90,99.0,100.0
2024/04/19,28.40,100.0,100.0
2024/04/20,21.40,99.7,100.0
2024/04/21,17.60,100.0,100.0
2024/04/22,4.50,100.0,100.0
2024/04/23,0.20,99.7,100.0
2024/04/24,5.50,99.3,100.0
2024/04/25,2.10,100.0,100.0
2024/04/26,0.20,100.0,100.0
2024/04/27,19.70,100.0,100.0
2024/04/28,28.70,99.7,100.0
2024/04/29,19.00,100.0,100.0
2024/04/30,0.10,100.0,100.0
2024/05/01,0.00,100.0,100.0
2024/05/02,2.60,100.0,100.0
2024/05/03,2.30,99.0,100.0
2024/05/04,0.00,98.6,100.0
2024/05/05,12.80,100.0,100.0
2024/05/06,0.00,99.7,100.0
2024/05/07,0.00,99.3,100.0
2024/05/08,6.90,100.0,100.0
2024/05/09,0.00,99.3,100.0
2024/05/10,0.00,99.3,100.0
2024/05/11,4.40,100.0,100.0
2024/05/12,3.40,100.0,100.0
2024/05/13,0.10,100.0,100.0
2024/05/14,0.40,99.3,100.0
2024/05/15,11.50,99.7,100.0
2024/05/16,12.80,99.3,100.0
2024/05/17,0.10,100.0,100.0
2024/05/18,0.00,99.7,100.0
2024/05/19,0.00,100.0,100.0
2024/05/20,0.30,99.7,100.0
2024/05/21,0.10,99.7,100.0
2024/05/22,2.60,100.0,100.0
2024/05/23,2.80,99.3,100.0
2024/05/24,0.20,99.7,100.0
2024/05/25,0.10,100.0,100.0
2024/05/26,0.00,100.0,100.0
2024/05/27,34.00,99.7,100.0
2024/05/28,27.50,100.0,100.0
2024/05/29,6.70,100.0,100.0
2024/05/30,0.20,100.0,100.0
2024/05/31,0.10,100.0,100.0
2024/06/01,0.00,99.0,100.0
2024/06/02,0.00,100.0,100.0
2024/06/03,0.00,100.0,100.0
2024/06/04,0.00,100.0,100.0
2024/06/05,0.00,99.3,100.0
2024/06/06,0.20,100.0,100.0
2024/06/07,0.00,99.0,95.8
2024/06/08,0.00,100.0,100.0
2024/06/09,0.00,100.0,100.0
2024/06/10,0.30,100.0,100.0
2024/06/11,0.00,100.0,100.0
2024/06/12,0.00,100.0,100.0
2024/06/13,0.00,100.0,100.0
2024/06/14,6.10,100.0,100.0
2024/06/15,0.40,100.0,100.0
2024/06/16,9.70,100.0,100.0
2024/06/17,0.00,100.0,100.0
2024/06/18,6.80,100.0,100.0
2024/06/19,0.80,100.0,100.0
2024/06/20,5.50,99.7,100.0
2024/06/21,4.90,100.0,100.0
2024/06/22,0.40,100.0,100.0
2024/06/23,0.00,100.0,100.0
2024/06/24,0.30,100.0,100.0
2024/06/25,2.90,100.0,100.0
2024/06/26,5.30,99.7,100.0
2024/06/27,0.00,100.0,100.0
2024/06/28,2.40,100.0,100.0
2024/06/29,0.00,99.7,100.0
2024/06/30,0.00,100.0,100.0
2024/07/01,0.20,100.0,100.0
2024/07/02,2.60,100.0,100.0
2024/07/03,1.00,100.0,100.0
2024/07/04,0.90,99.7,100.0
2024/07/05,6.70,100.0,100.0
2024/07/06,4.30,100.0,100.0
2024/07/07,0.00,99.7,100.0
2024/07/08,0.00,100.0,100.0
2024/07/09,0.00,100.0,100.0
2024/07/10,0.00,99.7,100.0
2024/07/11,0.00,99.7,100.0
2024/07/12,0.70,100.0,100.0
2024/07/13,1.80,99.7,100.0
2024/07/14,0.00,99.7,100.0
2024/07/15,0.00,100.0,100.0
2024/07/16,0.00,96.9,100.0
2024/07/17,0.00,97.6,100.0
2024/07/18,0.00,97.6,100.0
2024/07/19,0.00,96.9,100.0
2024/07/20,0.00,99.0,100.0
2024/07/21,0.00,99.3,100.0
2024/07/22,0.00,99.7,100.0
2024/07/23,0.00,99.3,100.0
2024/07/24,0.00,100.0,100.0
2024/07/25,0.00,99.7,100.0
2024/07/26,0.00,100.0,100.0
2024/07/27,0.00,99.3,100.0
2024/07/28,0.00,99.3,100.0
2024/07/29,0.00,99.7,100.0
2024/07/30,0.00,99.7,100.0
2024/07/31,0.00,99.3,100.0
2024/08/01,0.00,99.0,100.0
2024/08/02,0.00,98.3,100.0
2024/08/03,0.00,99.7,100.0
2024/08/04,0.00,99.3,100.0
2024/08/05,0.20,100.0,100.0
2024/08/06,0.10,100.0,100.0
2024/08/07,13.90,99.3,100.0
2024/08/08,0.20,100.0,100.0
2024/08/09,1.00,99.7,100.0
2024/08/10,0.00,99.7,100.0
2024/08/11,0.00,99.7,100.0
2024/08/12,0.00,99.3,100.0
2024/08/13,0.00,100.0,100.0
2024/08/14,0.00,98.6,100.0
2024/08/15,0.00,99.7,100.0
2024/08/16,0.00,100.0,100.0
2024/08/17,0.00,99.0,100.0
2024/08/18,0.00,99.7,100.0
2024/08/19,0.00,100.0,100.0
2024/08/20,0.00,100.0,100.0
2024/08/21,0.00,99.7,100.0
2024/08/22,0.00,100.0,100.0
2024/08/23,0.50,100.0,100.0
2024/08/24,0.20,100.0,100.0
2024/08/25,0.00,100.0,100.0
2024/08/26,0.00,100.0,100.0
2024/08/27,0.00,100.0,100.0
2024/08/28,0.00,100.0,100.0
2024/08/29,0.00,100.0,100.0
2024/08/30,0.00,100.0,100.0
2024/08/31,0.00,99.7,100.0
2024/09/01,0.00,99.7,100.0
2024/09/02,0.00,100.0,100.0
2024/09/03,0.00,100.0,100.0
2024/09/04,0.00,100.0,100.0
2024/09/05,0.00,100.0,100.0
2024/09/06,0.00,100.0,100.0
2024/09/07,0.00,100.0,100.0
2024/09/08,0.00,100.0,100.0
2024/09/09,0.00,100.0,100.0
2024/09/10,0.00,100.0,100.0
2024/09/11,0.00,100.0,100.0
2024/09/12,0.00,100.0,100.0
2024/09/13,0.00,100.0,100.0
2024/09/14,0.00,100.0,100.0
2024/09/15,0.00,100.0,100.0
2024/09/16,0.00,100.0,100.0
2024/09/17,0.00,100.0,100.0
2024/09/18,0.00,100.0,100.0
2024/09/19,0.00,100.0,100.0
2024/09/20,0.00,100.0,100.0
2024/09/21,0.00,100.0,100.0
2024/09/22,0.00,99.7,100.0
2024/09/23,0.00,99.7,100.0
2024/09/24,0.00,100.0,100.0
2024/09/25,0.00,99.7,100.0
2024/09/26,0.00,99.7,100.0
2024/09/27,7.30,100.0,100.0
2024/09/28,5.70,99.3,100.0
2024/09/29,6.50,99.0,100.0
2024/09/30,15.50,99.7,100.0
2024/10/01,7.10,100.0,100.0
2024/10/02,21.20,99.0,100.0
2024/10/03,5.10,100.0,100.0
2024/10/04,7.00,100.0,100.0
2024/10/05,7.60,99.7,100.0
2024/10/06,0.10,100.0,100.0
2024/10/07,9.00,99.3,100.0
2024/10/08,3.70,100.0,100.0
2024/10/09,9.30,99.7,100.0
2024/10/10,12.70,99.7,100.0
2024/10/11,0.70,99.3,100.0
2024/10/12,0.00,99.7,100.0
2024/10/13,0.00,98.6,100.0
2024/10/14,0.00,99.7,100.0
2024/10/15,0.00,99.7,100.0
2024/10/16,0.00,100.0,100.0
2024/10/17,0.00,99.3,100.0
2024/10/18,0.00,99.7,100.0
2024/10/19,0.00,99.3,100.0
2024/10/20,0.00,100.0,100.0
2024/10/21,0.00,100.0,100.0
2024/10/22,0.00,100.0,100.0
2024/10/23,0.00,99.7,100.0
2024/10/24,1.40,100.0,100.0
2024/10/25,0.20,99.7,100.0
2024/10/26,0.00,99.7,100.0
2024/10/27,0.00,99.3,100.0
2024/10/28,0.10,99.7,100.0
2024/10/29,0.00,99.3,100.0
2024/10/30,10.50,100.0,100.0
2024/10/31,18.20,100.0,100.0
2024/11/01,1.30,99.3,100.0
2024/11/02,0.10,99.7,100.0
2024/11/03,0.00,100.0,100.0
2024/11/04,0.00,100.0,100.0
2024/11/05,0.00,99.7,100.0
2024/11/06,0.00,99.0,100.0
2024/11/07,0.00,100.0,100.0
2024/11/08,0.00,99.7,100.0
2024/11/09,0.00,99.7,100.0
2024/11/10,0.00,100.0,100.0
2024/11/11,0.00,100.0,100.0
2024/11/12,0.00,100.0,100.0
2024/11/13,0.00,100.0,100.0
2024/11/14,0.00,99.0,100.0
2024/11/15,0.00,99.3,100.0
2024/11/16,0.00,99.7,100.0
2024/11/17,0.00,100.0,100.0
2024/11/18,0.30,100.0,100.0
2024/11/19,2.20,100.0,100.0
2024/11/20,0.00,99.7,100.0
2024/11/21,8.90,99.7,100.0
2024/11/22,0.90,99.3,100.0
2024/11/23,0.00,99.7,100.0
2024/11/24,0.00,99.7,100.0
2024/11/25,0.00,100.0,100.0
2024/11/26,0.40,100.0,100.0
2024/11/27,5.10,100.0,100.0
2024/11/28,2.80,100.0,100.0
2024/11/29,0.10,100.0,100.0
2024/11/30,0.00,100.0,100.0
2024/12/01,0.00,100.0,100.0
2024/12/02,0.10,98.6,95.8
2024/12/03,7.80,99.3,100.0
2024/12/04,28.50,100.0,100.0
2024/12/05,3.60,99.7,100.0
2024/12/06,8.10,100.0,100.0
2024/12/07,9.00,100.0,100.0
2024/12/08,6.90,100.0,100.0
2024/12/09,0.10,99.7,100.0
2024/12/10,0.00,100.0,100.0
2024/12/11,0.00,100.0,100.0
2024/12/12,1.20,99.3,100.0
2024/12/13,8.40,99.3,100.0
2024/12/14,4.50,100.0,100.0
2024/12/15,6.10,99.7,100.0
2024/12/16,,68.1,66.7
2024/12/17,0.00,100.0,100.0
2024/12/18,0.00,100.0,100.0
2024/12/19,0.00,100.0,100.0
2024/12/20,0.00,99.3,100.0
2024/12/21,,72.2,70.8
2024/12/22,6.20,99.3,100.0
2024/12/23,0.60,99.0,100.0
2024/12/24,0.10,99.7,100.0
2024/12/25,,68.8,66.7
2024/12/26,0.00,98.3,100.0
2024/12/27,,72.9,70.8
2024/12/28,,78.5,75.0
2024/12/29,5.50,99.0,100.0
2024/12/30,,65.6,62.5
2024/12/31,,53.5,54.2
2025/01/01,,,
2025/01/02,,,
2025/01/03,,,
2025/01/04,,,
2025/01/05,,,
2025/01/06,,,
2025/01/07,,,
2025/01/08,,,
2025/01/09,,,
2025/01/10,,,
2025/01/11,,,
2025/01/12,,,
2025/01/13,,,
2025/01/14,,,
2025/01/15,,,
2025/01/16,,,
2025/01/17,,,
2025/01/18,,,
2025/01/19,,,
2025/01/20,,,
2025/01/21,,,
2025/01/22,,,
2025/01/23,,,
2025/01/24,,,
2025/01/25,,,
2025/01/26,,,
2025/01/27,,,
2025/01/28,,,
2025/01/29,,,
2025/01/30,,,
2025/01/31,,,
2025/02/01,,,
2025/02/02,,,
2025/02/03,,,
2025/02/04,,,
2025/02/05,,,
2025/02/06,,,
2025/02/07,,,
2025/02/08,,,
2025/02/09,,,
2025/02/10,,,
2025/02/11,,,
2025/02/12,,,
2025/02/13,,,
2025/02/14,,,
2025/02/15,,,
2025/02/16,,,
2025/02/17,,,
2025/02/18,,,
2025/02/19,,,
2025/02/20,,,
2025/02/21,,,
2025/02/22,,,
2025/02/23,,,
2025/02/24,,,
2025/02/25,,,
2025/02/26,,,
2025/02/27,,,
2025/02/28,,,
2025/03/01,,,
2025/03/02,,,
2025/03/03,,,
2025/03/04,,,
2025/03/05,,,
2025/03/06,,,
2025/03/07,,,
2025/03/08,,,
2025/03/09,,,
2025/03/10,,,
2025/03/11,,,
2025/03/12,,,
2025/03/13,,,
2025/03/14,,,
2025/03/15,,,
2025/03/16,,,
2025/03/17,,,
2025/03/18,,,
2025/03/19,,,
2025/03/20,,,
2025/03/21,,,
2025/03/22,,,
2025/03/23,,,
2025/03/24,,,
2025/03/25,,,
2025/03/26,,,
2025/03/27,,,
2025/03/28,,,
2025/03/29,,,
2025/03/30,,,
2025/03/31,,,
2025/04/01,,,
2025/04/02,,,
2025/04/03,,,
2025/04/04,,,
2025/04/05,,,
2025/04/06,,,
2025/04/07,,,
2025/04/08,,,
2025/04/09,,,
2025/04/10,,,
2025/04/11,,,
2025/04/12,,,
2025/04/13,,,
2025/04/14,,,
2025/04/15,,,
2025/04/16,,,
2025/04/17,,,
2025/04/18,,,
2025/04/19,,,
2025/04/20,,,
2025/04/21,,,
2025/04/22,,,
2025/04/23,,,
2025/04/24,,,
2025/04/25,,,
2025/04/26,,,
2025/04/27,,,
2025/04/28,,,
2025/04/29,,,
2025/04/30,,,
2025/05/01,,,
2025/05/02,,,
2025/05/03,,,
2025/05/04,,,
2025/05/05,,,
2025/05/06,,,
2025/05/07,,,
2025/05/08,,,
2025/05/09,,,
2025/05/10,,,
2025/05/11,,,
2025/05/12,,,
2025/05/13,,,
2025/05/14,,,
2025/05/15,,,
2025/05/16,,,
2025/05/17,,,
2025/05/18,,,
2025/05/19,,,
2025/05/20,,,
2025/05/21,,,
2025/05/22,,,
2025/05/23,,,
2025/05/24,,,
2025/05/25,,,
2025/05/26,,,
2025/05/27,,,
2025/05/28,,,
2025/05/29,,,
2025/05/30,,,
2025/05/31,,,
2025/06/01,,,
2025/06/02,,,
2025/06/03,,,
2025/06/04,,,
2025/06/05,,,
2025/06/06,,,
2025/06/07,,,
2025/06/08,,,
2025/06/09,,,
2025/06/10,,,
2025/06/11,,,
2025/06/12,,,
2025/06/13,,,
2025/06/14,,,
2025/06/15,,,
2025/06/16,,,
2025/06/17,,,
2025/06/18,,,
2025/06/19,,,
2025/06/20,,,
2025/06/21,,,
2025/06/22,,,
2025/06/23,,,
2025/06/24,,,
2025/06/25,,,
2025/06/26,,,
2025/06/27,,,
2025/06/28,,,
2025/06/29,,,
2025/06/30,,,
