fecha,valor,max_abs,min_abs,direccion,completo_mediciones,completo_umbral
2019/07/23,,,,,,
2019/07/24,,,,,,
2019/07/25,,,,,,
2019/07/26,,,,,,
2019/07/27,,,,,,
2019/07/28,,,,,,
2019/07/29,,,,,,
2019/07/30,,,,,,
2019/07/31,,,,,,
2019/08/01,,,,,,
2019/08/02,,,,,,
2019/08/03,,,,,,
2019/08/04,,,,,,
2019/08/05,,,,,,
2019/08/06,,,,,,
2019/08/07,,,,,,
2019/08/08,,,,,,
2019/08/09,,,,,,
2019/08/10,,,,,,
2019/08/11,,,,,,
2019/08/12,,,,,,
2019/08/13,,,,,,
2019/08/14,,,,,,
2019/08/15,,,,,,
2019/08/16,,,,,,
2019/08/17,,,,,,
2019/08/18,,,,,,
2019/08/19,,,,,,
2019/08/20,,,,,,
2019/08/21,,,,,,
2019/08/22,,,,,,
2019/08/23,,,,,,
2019/08/24,,,,,,
2019/08/25,,,,,,
2019/08/26,,,,,,
2019/08/27,,,,,,
2019/08/28,,,,,,
2019/08/29,,,,,,
2019/08/30,,,,,,
2019/08/31,,,,,,
2019/09/01,,,,,,
2019/09/02,,,,,,
2019/09/03,,,,,,
2019/09/04,,,,,,
2019/09/05,,,,,,
2019/09/06,,,,,,
2019/09/07,,,,,,
2019/09/08,,,,,,
2019/09/09,,,,,,
2019/09/10,,,,,,
2019/09/11,,,,,,
2019/09/12,,,,,,
2019/09/13,,,,,,
2019/09/14,,,,,,
2019/09/15,,,,,,
2019/09/16,,,,,,
2019/09/17,,,,,,
2019/09/18,,,,,,
2019/09/19,,,,,,
2019/09/20,,,,,,
2019/09/21,,,,,,
2019/09/22,,,,,,
2019/09/23,,,,,,
2019/09/24,,,,,,
2019/09/25,,,,,,
2019/09/26,,,,,,
2019/09/27,,,,,,
2019/09/28,,,,,,
2019/09/29,,,,,,
2019/09/30,,,,,,
2019/10/01,,,,,,
2019/10/02,,,,,,
2019/10/03,,,,,,
2019/10/04,,,,,,
2019/10/05,,,,,,
2019/10/06,,,,,,
2019/10/07,,,,,,
2019/10/08,,,,,,
2019/10/09,,,,,,
2019/10/10,,,,,,
2019/10/11,,,,,,
2019/10/12,,,,,,
2019/10/13,,,,,,
2019/10/14,,,,,,
2019/10/15,,,,,,
2019/10/16,,,,,,
2019/10/17,,,,,,
2019/10/18,,,,,,
2019/10/19,,,,,,
2019/10/20,,,,,,
2019/10/21,,,,,,
2019/10/22,,,,,,
2019/10/23,,,,,,
2019/10/24,,,,,,
2019/10/25,,,,,,
2019/10/26,,,,,,
2019/10/27,,,,,,
2019/10/28,,,,,,
2019/10/29,,,,,,
2019/10/30,,,,,,
2019/10/31,,,,,,
2019/11/01,,,,,,
2019/11/02,,,,,,
2019/11/03,,,,,,
2019/11/04,,,,,,
2019/11/05,,,,,,
2019/11/06,,,,,,
2019/11/07,,,,,,
2019/11/08,,,,,,
2019/11/09,,,,,,
2019/11/10,,,,,,
2019/11/11,,,,,,
2019/11/12,,,,,,
2019/11/13,,,,,,
2019/11/14,,,,,,
2019/11/15,,,,,,
2019/11/16,,,,,,
2019/11/17,,,,,,
2019/11/18,,,,,,
2019/11/19,,,,,,
2019/11/20,,,,,,
2019/11/21,,,,,,
2019/11/22,,,,,,
2019/11/23,,,,,,
2019/11/24,,,,,,
2019/11/25,,,,,,
2019/11/26,,,,,,
2019/11/27,,,,,,
2019/11/28,,,,,,
2019/11/29,,,,,,
2019/11/30,,,,,,
2019/12/01,,,,,,
2019/12/02,,,,,,
2019/12/03,,,,,,
2019/12/04,,,,,,
2019/12/05,,,,,,
2019/12/06,,,,,,
2019/12/07,,,,,,
2019/12/08,,,,,,
2019/12/09,,,,,,
2019/12/10,,,,,,
2019/12/11,,,,,,
2019/12/12,,,,,,
2019/12/13,,,,,,
2019/12/14,,,,,,
2019/12/15,,,,,,
2019/12/16,,,,,,
2019/12/17,,,,,,
2019/12/18,,,,,,
2019/12/19,,,,,,
2019/12/20,,,,,,
2019/12/21,,,,,,
2019/12/22,,,,,,
2019/12/23,,,,,,
2019/12/24,,,,,,
2019/12/25,,,,,,
2019/12/26,,,,,,
2019/12/27,,,,,,
2019/12/28,,,,,,
2019/12/29,,,,,,
2019/12/30,,,,,,
2019/12/31,,,,,,
2020/01/01,,,,,,
2020/01/02,,,,,,
2020/01/03,,,,,,
2020/01/04,,,,,,
2020/01/05,,,,,,
2020/01/06,,,,,,
2020/01/07,,,,,,
2020/01/08,,,,,,
2020/01/09,,,,,,
2020/01/10,,,,,,
2020/01/11,,,,,,
2020/01/12,,,,,,
2020/01/13,,,,,,
2020/01/14,,,,,,
2020/01/15,,,,,,
2020/01/16,,,,,,
2020/01/17,,,,,,
2020/01/18,,,,,,
2020/01/19,,,,,,
2020/01/20,,,,,,
2020/01/21,,,,,,
2020/01/22,,,,,,
2020/01/23,,,,,,
2020/01/24,,,,,,
2020/01/25,,,,,,
2020/01/26,,,,,,
2020/01/27,,,,,,
2020/01/28,,,,,,
2020/01/29,,,,,,
2020/01/30,,,,,,
2020/01/31,,,,,,
2020/02/01,,,,,,
2020/02/02,,,,,,
2020/02/03,,,,,,
2020/02/04,,,,,,
2020/02/05,,,,,,
2020/02/06,,,,,,
2020/02/07,,,,,,
2020/02/08,,,,,,
2020/02/09,,,,,,
2020/02/10,,,,,,
2020/02/11,,,,,,
2020/02/12,,,,,,
2020/02/13,,,,,,
2020/02/14,,,,,,
2020/02/15,,,,,,
2020/02/16,,,,,,
2020/02/17,,,,,,
2020/02/18,,,,,,
2020/02/19,,,,,,
2020/02/20,,,,,,
2020/02/21,,,,,,
2020/02/22,,,,,,
2020/02/23,,,,,,
2020/02/24,,,,,,
2020/02/25,,,,,,
2020/02/26,,,,,,
2020/02/27,,,,,,
2020/02/28,,,,,,
2020/02/29,,,,,,
2020/03/01,,,,,,
2020/03/02,,,,,,
2020/03/03,,,,,,
2020/03/04,,,,,,
2020/03/05,,,,,,
2020/03/06,,,,,,
2020/03/07,,,,,,
2020/03/08,,,,,,
2020/03/09,,,,,,
2020/03/10,,,,,,
2020/03/11,,,,,,
2020/03/12,,,,,,
2020/03/13,,,,,,
2020/03/14,,,,,,
2020/03/15,,,,,,
2020/03/16,,,,,,
2020/03/17,,,,,,
2020/03/18,,,,,,
2020/03/19,,,,,,
2020/03/20,,,,,,
2020/03/21,,,,,,
2020/03/22,,,,,,
2020/03/23,,,,,,
2020/03/24,,,,,,
2020/03/25,,,,,,
2020/03/26,,,,,,
2020/03/27,,,,,,
2020/03/28,,,,,,
2020/03/29,,,,,,
2020/03/30,,,,,,
2020/03/31,,,,,,
2020/04/01,,,,,,
2020/04/02,,,,,,
2020/04/03,,,,,,
2020/04/04,,,,,,
2020/04/05,,,,,,
2020/04/06,,,,,,
2020/04/07,,,,,,
2020/04/08,,,,,,
2020/04/09,,,,,,
2020/04/10,,,,,,
2020/04/11,,,,,,
2020/04/12,,,,,,
2020/04/13,,,,,,
2020/04/14,,,,,,
2020/04/15,,,,,,
2020/04/16,,,,,,
2020/04/17,,,,,,
2020/04/18,,,,,,
2020/04/19,,,,,,
2020/04/20,,,,,,
2020/04/21,,,,,,
2020/04/22,,,,,,
2020/04/23,,,,,,
2020/04/24,,,,,,
2020/04/25,,,,,,
2020/04/26,,,,,,
2020/04/27,,,,,,
2020/04/28,,,,,,
2020/04/29,,,,,,
2020/04/30,,,,,,
2020/05/01,,,,,,
2020/05/02,,,,,,
2020/05/03,,,,,,
2020/05/04,,,,,,
2020/05/05,,,,,,
2020/05/06,,,,,,
2020/05/07,,,,,,
2020/05/08,,,,,,
2020/05/09,,,,,,
2020/05/10,,,,,,
2020/05/11,,,,,,
2020/05/12,,,,,,
2020/05/13,,,,,,
2020/05/14,,,,,,
2020/05/15,,,,,,
2020/05/16,,,,,,
2020/05/17,,,,,,
2020/05/18,,,,,,
2020/05/19,,,,,,
2020/05/20,,,,,,
2020/05/21,,,,,,
2020/05/22,,,,,,
2020/05/23,,,,,,
2020/05/24,,,,,,
2020/05/25,,,,,,
2020/05/26,,,,,,
2020/05/27,,,,,,
2020/05/28,,,,,,
2020/05/29,,,,,,
2020/05/30,,,,,,
2020/05/31,,,,,,
2020/06/01,,,,,,
2020/06/02,,,,,,
2020/06/03,,,,,,
2020/06/04,,,,,,
2020/06/05,,,,,,
2020/06/06,,,,,,
2020/06/07,,,,,,
2020/06/08,,,,,,
2020/06/09,,,,,,
2020/06/10,,,,,,
2020/06/11,,,,,,
2020/06/12,,,,,,
2020/06/13,,,,,,
2020/06/14,,,,,,
2020/06/15,,,,,,
2020/06/16,,,,,,
2020/06/17,,,,,,
2020/06/18,,,,,,
2020/06/19,,,,,,
2020/06/20,,,,,,
2020/06/21,,,,,,
2020/06/22,,,,,,
2020/06/23,,,,,,
2020/06/24,,,,,,
2020/06/25,,,,,,
2020/06/26,,,,,,
2020/06/27,,,,,,
2020/06/28,,,,,,
2020/06/29,,,,,,
2020/06/30,,,,,,
2020/07/01,,,,,,
2020/07/02,,,,,,
2020/07/03,,,,,,
2020/07/04,,,,,,
2020/07/05,,,,,,
2020/07/06,,,,,,
2020/07/07,,,,,,
2020/07/08,,,,,,
2020/07/09,,,,,,
2020/07/10,,,,,,
2020/07/11,,,,,,
2020/07/12,,,,,,
2020/07/13,,,,,,
2020/07/14,,,,,,
2020/07/15,,,,,,
2020/07/16,,,,,,
2020/07/17,,,,,,
2020/07/18,,,,,,
2020/07/19,,,,,,
2020/07/20,,,,,,
2020/07/21,,,,,,
2020/07/22,,,,,,
2020/07/23,,,,,,
2020/07/24,,,,,,
2020/07/25,,,,,,
2020/07/26,,,,,,
2020/07/27,,,,,,
2020/07/28,,,,,,
2020/07/29,,,,,,
2020/07/30,,,,,,
2020/07/31,,,,,,
2020/08/01,,,,,,
2020/08/02,,,,,,
2020/08/03,,,,,,
2020/08/04,,,,,,
2020/08/05,,,,,,
2020/08/06,,,,,,
2020/08/07,,,,,,
2020/08/08,,,,,,
2020/08/09,,,,,,
2020/08/10,,,,,,
2020/08/11,,,,,,
2020/08/12,,,,,,
2020/08/13,,,,,,
2020/08/14,,,,,,
2020/08/15,,,,,,
2020/08/16,,,,,,
2020/08/17,,,,,,
2020/08/18,,,,,,
2020/08/19,,,,,,
2020/08/20,,,,,,
2020/08/21,,,,,,
2020/08/22,,,,,,
2020/08/23,,,,,,
2020/08/24,,,,,,
2020/08/25,,,,,,
2020/08/26,,,,,,
2020/08/27,,,,,,
2020/08/28,,,,,,
2020/08/29,,,,,,
2020/08/30,,,,,,
2020/08/31,,,,,,
2020/09/01,,,,,,
2020/09/02,,,,,,
2020/09/03,,,,,,
2020/09/04,,,,,,
2020/09/05,,,,,,
2020/09/06,,,,,,
2020/09/07,,,,,,
2020/09/08,,,,,,
2020/09/09,,,,,,
2020/09/10,,,,,,
2020/09/11,,,,,,
2020/09/12,,,,,,
2020/09/13,,,,,,
2020/09/14,,,,,,
2020/09/15,,,,,,
2020/09/16,,,,,,
2020/09/17,,,,,,
2020/09/18,,,,,,
2020/09/19,,,,,,
2020/09/20,,,,,,
2020/09/21,,,,,,
2020/09/22,,,,,,
2020/09/23,,,,,,
2020/09/24,,,,,,
2020/09/25,,,,,,
2020/09/26,,,,,,
2020/09/27,,,,,,
2020/09/28,,,,,,
2020/09/29,,,,,,
2020/09/30,,,,,,
2020/10/01,,,,,,
2020/10/02,,,,,,
2020/10/03,,,,,,
2020/10/04,,,,,,
2020/10/05,,,,,,
2020/10/06,,,,,,
2020/10/07,,,,,,
2020/10/08,,,,,,
2020/10/09,,,,,,
2020/10/10,,,,,,
2020/10/11,,,,,,
2020/10/12,,,,,,
2020/10/13,,,,,,
2020/10/14,,,,,,
2020/10/15,,,,,,
2020/10/16,,,,,,
2020/10/17,,,,,,
2020/10/18,,,,,,
2020/10/19,,,,,,
2020/10/20,,,,,,
2020/10/21,,,,,,
2020/10/22,,,,,,
2020/10/23,,,,,,
2020/10/24,,,,,,
2020/10/25,,,,,,
2020/10/26,,,,,,
2020/10/27,,,,,,
2020/10/28,,,,,,
2020/10/29,,,,,,
2020/10/30,,,,,,
2020/10/31,,,,,,
2020/11/01,,,,,,
2020/11/02,,,,,,
2020/11/03,,,,,,
2020/11/04,,,,,,
2020/11/05,,,,,,
2020/11/06,,,,,,
2020/11/07,,,,,,
2020/11/08,,,,,,
2020/11/09,,,,,,
2020/11/10,,,,,,
2020/11/11,,,,,,
2020/11/12,,,,,,
2020/11/13,,,,,,
2020/11/14,,,,,,
2020/11/15,,,,,,
2020/11/16,,,,,,
2020/11/17,,,,,,
2020/11/18,,,,,,
2020/11/19,,,,,,
2020/11/20,,,,,,
2020/11/21,,,,,,
2020/11/22,,,,,,
2020/11/23,,,,,,
2020/11/24,,,,,,
2020/11/25,,,,,,
2020/11/26,,,,,,
2020/11/27,,,,,,
2020/11/28,,,,,,
2020/11/29,,,,,,
2020/11/30,,,,,,
2020/12/01,,,,,,
2020/12/02,,,,,,
2020/12/03,,,,,,
2020/12/04,,,,,,
2020/12/05,,,,,,
2020/12/06,,,,,,
2020/12/07,,,,,,
2020/12/08,,,,,,
2020/12/09,,,,,,
2020/12/10,,,,,,
2020/12/11,,,,,,
2020/12/12,,,,,,
2020/12/13,,,,,,
2020/12/14,,,,,,
2020/12/15,,,,,,
2020/12/16,,,,,,
2020/12/17,,,,,,
2020/12/18,,,,,,
2020/12/19,,,,,,
2020/12/20,,,,,,
2020/12/21,,,,,,
2020/12/22,,,,,,
2020/12/23,,,,,,
2020/12/24,,,,,,
2020/12/25,,,,,,
2020/12/26,,,,,,
2020/12/27,,,,,,
2020/12/28,,,,,,
2020/12/29,,,,,,
2020/12/30,,,,,,
2020/12/31,,,,,,
2021/01/01,,,,,,
2021/01/02,,,,,,
2021/01/03,,,,,,
2021/01/04,,,,,,
2021/01/05,,,,,,
2021/01/06,,,,,,
2021/01/07,,,,,,
2021/01/08,,,,,,
2021/01/09,,,,,,
2021/01/10,,,,,,
2021/01/11,,,,,,
2021/01/12,,,,,,
2021/01/13,,,,,,
2021/01/14,,,,,,
2021/01/15,,,,,,
2021/01/16,,,,,,
2021/01/17,,,,,,
2021/01/18,,,,,,
2021/01/19,,,,,,
2021/01/20,,,,,,
2021/01/21,,,,,,
2021/01/22,,,,,,
2021/01/23,,,,,,
2021/01/24,,,,,,
2021/01/25,,,,,,
2021/01/26,,,,,,
2021/01/27,,,,,,
2021/01/28,,,,,,
2021/01/29,,,,,,
2021/01/30,,,,,,
2021/01/31,,,,,,
2021/02/01,,,,,,
2021/02/02,,,,,,
2021/02/03,,,,,,
2021/02/04,,,,,,
2021/02/05,,,,,,
2021/02/06,,,,,,
2021/02/07,,,,,,
2021/02/08,,,,,,
2021/02/09,,,,,,
2021/02/10,,,,,,
2021/02/11,,,,,,
2021/02/12,,,,,,
2021/02/13,,,,,,
2021/02/14,,,,,,
2021/02/15,,,,,,
2021/02/16,,,,,,
2021/02/17,,,,,,
2021/02/18,,,,,,
2021/02/19,,,,,,
2021/02/20,,,,,,
2021/02/21,,,,,,
2021/02/22,,,,,,
2021/02/23,,,,,,
2021/02/24,,,,,,
2021/02/25,,,,,,
2021/02/26,,,,,,
2021/02/27,,,,,,
2021/02/28,,,,,,
2021/03/01,,,,,,
2021/03/02,,,,,,
2021/03/03,,,,,,
2021/03/04,,,,,,
2021/03/05,,,,,,
2021/03/06,,,,,,
2021/03/07,,,,,,
2021/03/08,,,,,,
2021/03/09,,,,,,
2021/03/10,,,,,,
2021/03/11,,,,,,
2021/03/12,,,,,,
2021/03/13,,,,,,
2021/03/14,,,,,,
2021/03/15,,,,,,
2021/03/16,,,,,,
2021/03/17,,,,,,
2021/03/18,,,,,,
2021/03/19,,,,,,
2021/03/20,,,,,,
2021/03/21,,,,,,
2021/03/22,,,,,,
2021/03/23,,,,,,
2021/03/24,,,,,,
2021/03/25,,,,,,
2021/03/26,,,,,,
2021/03/27,,,,,,
2021/03/28,,,,,,
2021/03/29,,,,,,
2021/03/30,,,,,,
2021/03/31,,,,,,
2021/04/01,,,,,,
2021/04/02,,,,,,
2021/04/03,,,,,,
2021/04/04,,,,,,
2021/04/05,,,,,,
2021/04/06,,,,,,
2021/04/07,,,,,,
2021/04/08,,,,,,
2021/04/09,,,,,,
2021/04/10,,,,,,
2021/04/11,,,,,,
2021/04/12,,,,,,
2021/04/13,,,,,,
2021/04/14,,,,,,
2021/04/15,,,,,,
2021/04/16,,,,,,
2021/04/17,,,,,,
2021/04/18,,,,,,
2021/04/19,,,,,,
2021/04/20,,,,,,
2021/04/21,,,,,,
2021/04/22,,,,,,
2021/04/23,,,,,,
2021/04/24,,,,,,
2021/04/25,,,,,,
2021/04/26,,,,,,
2021/04/27,,,,,,
2021/04/28,,,,,,
2021/04/29,,,,,,
2021/04/30,,,,,,
2021/05/01,,,,,,
2021/05/02,,,,,,
2021/05/03,,,,,,
2021/05/04,,,,,,
2021/05/05,,,,,,
2021/05/06,,,,,,
2021/05/07,,,,,,
2021/05/08,,,,,,
2021/05/09,,,,,,
2021/05/10,,,,,,
2021/05/11,,,,,,
2021/05/12,,,,,,
2021/05/13,,,,,,
2021/05/14,,,,,,
2021/05/15,,,,,,
2021/05/16,,,,,,
2021/05/17,,,,,,
2021/05/18,,,,,,
2021/05/19,,,,,,
2021/05/20,,,,,,
2021/05/21,,,,,,
2021/05/22,,,,,,
2021/05/23,,,,,,
2021/05/24,,,,,,
2021/05/25,,,,,,
2021/05/26,,,,,,
2021/05/27,,,,,,
2021/05/28,,,,,,
2021/05/29,,,,,,
2021/05/30,,,,,,
2021/05/31,,,,,,
2021/06/01,,,,,,
2021/06/02,,,,,,
2021/06/03,,,,,,
2021/06/04,,,,,,
2021/06/05,,,,,,
2021/06/06,,,,,,
2021/06/07,,,,,,
2021/06/08,,,,,,
2021/06/09,,,,,,
2021/06/10,,,,,,
2021/06/11,,,,,,
2021/06/12,,,,,,
2021/06/13,,,,,,
2021/06/14,,,,,,
2021/06/15,,,,,,
2021/06/16,,,,,,
2021/06/17,,,,,,
2021/06/18,,,,,,
2021/06/19,,,,,,
2021/06/20,,,,,,
2021/06/21,,,,,,
2021/06/22,,,,,,
2021/06/23,,,,,,
2021/06/24,,,,,,
2021/06/25,,,,,,
2021/06/26,,,,,,
2021/06/27,,,,,,
2021/06/28,,,,,,
2021/06/29,,,,,,
2021/06/30,,,,,,
2021/07/01,,,,,,
2021/07/02,,,,,,
2021/07/03,,,,,,
2021/07/04,,,,,,
2021/07/05,,,,,,
2021/07/06,,,,,,
2021/07/07,,,,,,
2021/07/08,,,,,,
2021/07/09,,,,,,
2021/07/10,,,,,,
2021/07/11,,,,,,
2021/07/12,,,,,,
2021/07/13,,,,,,
2021/07/14,,,,,,
2021/07/15,,,,,,
2021/07/16,,,,,,
2021/07/17,,,,,,
2021/07/18,,,,,,
2021/07/19,,,,,,
2021/07/20,,,,,,
2021/07/21,,,,,,
2021/07/22,,,,,,
2021/07/23,,,,,,
2021/07/24,,,,,,
2021/07/25,,,,,,
2021/07/26,,,,,,
2021/07/27,,,,,,
2021/07/28,,,,,,
2021/07/29,,,,,,
2021/07/30,,,,,,
2021/07/31,,,,,,
2021/08/01,,,,,,
2021/08/02,,,,,,
2021/08/03,,,,,,
2021/08/04,,,,,,
2021/08/05,,,,,,
2021/08/06,,,,,,
2021/08/07,,,,,,
2021/08/08,,,,,,
2021/08/09,,,,,,
2021/08/10,,,,,,
2021/08/11,,,,,,
2021/08/12,,,,,,
2021/08/13,,,,,,
2021/08/14,,,,,,
2021/08/15,,,,,,
2021/08/16,,,,,,
2021/08/17,,,,,,
2021/08/18,,,,,,
2021/08/19,,,,,,
2021/08/20,,,,,,
2021/08/21,,,,,,
2021/08/22,,,,,,
2021/08/23,,,,,,
2021/08/24,,,,,,
2021/08/25,,,,,,
2021/08/26,,,,,,
2021/08/27,,,,,,
2021/08/28,,,,,,
2021/08/29,,,,,,
2021/08/30,,,,,,
2021/08/31,,,,,,
2021/09/01,,,,,,
2021/09/02,,,,,,
2021/09/03,,,,,,
2021/09/04,,,,,,
2021/09/05,,,,,,
2021/09/06,,,,,,
2021/09/07,,,,,,
2021/09/08,,,,,,
2021/09/09,,,,,,
2021/09/10,,,,,,
2021/09/11,,,,,,
2021/09/12,,,,,,
2021/09/13,,,,,,
2021/09/14,,,,,,
2021/09/15,,,,,,
2021/09/16,,,,,,
2021/09/17,,,,,,
2021/09/18,,,,,,
2021/09/19,,,,,,
2021/09/20,,,,,,
2021/09/21,,,,,,
2021/09/22,,,,,,
2021/09/23,,,,,,
2021/09/24,,,,,,
2021/09/25,,,,,,
2021/09/26,,,,,,
2021/09/27,,,,,,
2021/09/28,,,,,,
2021/09/29,,,,,,
2021/09/30,,,,,,
2021/10/01,,,,,,
2021/10/02,,,,,,
2021/10/03,,,,,,
2021/10/04,,,,,,
2021/10/05,,,,,,
2021/10/06,,,,,,
2021/10/07,,,,,,
2021/10/08,,,,,,
2021/10/09,,,,,,
2021/10/10,,,,,,
2021/10/11,,,,,,
2021/10/12,,,,,,
2021/10/13,,,,,,
2021/10/14,,,,,,
2021/10/15,,,,,,
2021/10/16,,,,,,
2021/10/17,,,,,,
2021/10/18,,,,,,
2021/10/19,,,,,,
2021/10/20,,,,,,
2021/10/21,,,,,,
2021/10/22,,,,,,
2021/10/23,,,,,,
2021/10/24,,,,,,
2021/10/25,,,,,,
2021/10/26,,,,,,
2021/10/27,,,,,,
2021/10/28,,,,,,
2021/10/29,,,,,,
2021/10/30,,,,,,
2021/10/31,,,,,,
2021/11/01,,,,,,
2021/11/02,,,,,,
2021/11/03,,,,,,
2021/11/04,,,,,,
2021/11/05,,,,,,
2021/11/06,,,,,,
2021/11/07,,,,,,
2021/11/08,,,,,,
2021/11/09,,,,,,
2021/11/10,,,,,,
2021/11/11,,,,,,
2021/11/12,,,,,,
2021/11/13,,,,,,
2021/11/14,,,,,,
2021/11/15,,,,,,
2021/11/16,,,,,,
2021/11/17,,,,,,
2021/11/18,,,,,,
2021/11/19,,,,,,
2021/11/20,,,,,,
2021/11/21,,,,,,
2021/11/22,,,,,,
2021/11/23,,,,,,
2021/11/24,,,,,,
2021/11/25,,,,,,
2021/11/26,,,,,,
2021/11/27,,,,,,
2021/11/28,,,,,,
2021/11/29,,,,,,
2021/11/30,,,,,,
2021/12/01,,,,,,
2021/12/02,,,,,,
2021/12/03,,,,,,
2021/12/04,,,,,,
2021/12/05,,,,,,
2021/12/06,,,,,,
2021/12/07,,,,,,
2021/12/08,,,,,,
2021/12/09,,,,,,
2021/12/10,,,,,,
2021/12/11,,,,,,
2021/12/12,,,,,,
2021/12/13,,,,,,
2021/12/14,,,,,,
2021/12/15,,,,,,
2021/12/16,,,,,,
2021/12/17,,,,,,
2021/12/18,,,,,,
2021/12/19,,,,,,
2021/12/20,,,,,,
2021/12/21,,,,,,
2021/12/22,,,,,,
2021/12/23,,,,,,
2021/12/24,,,,,,
2021/12/25,,,,,,
2021/12/26,,,,,,
2021/12/27,,,,,,
2021/12/28,,,,,,
2021/12/29,,,,,,
2021/12/30,,,,,,
2021/12/31,,,,,,
2022/01/01,,,,,,
2022/01/02,,,,,,
2022/01/03,,,,,,
2022/01/04,,,,,,
2022/01/05,,,,,,
2022/01/06,,,,,,
2022/01/07,,,,,,
2022/01/08,,,,,,
2022/01/09,,,,,,
2022/01/10,,,,,,
2022/01/11,,,,,,
2022/01/12,,,,,,
2022/01/13,,,,,,
2022/01/14,,,,,,
2022/01/15,,,,,,
2022/01/16,,,,,,
2022/01/17,,,,,,
2022/01/18,,,,,,
2022/01/19,,,,,,
2022/01/20,,,,,,
2022/01/21,,,,,,
2022/01/22,,,,,,
2022/01/23,,,,,,
2022/01/24,,,,,,
2022/01/25,,,,,,
2022/01/26,,,,,,
2022/01/27,,,,,,
2022/01/28,,,,,,
2022/01/29,,,,,,
2022/01/30,,,,,,
2022/01/31,,,,,,
2022/02/01,,,,,,
2022/02/02,,,,,,
2022/02/03,,,,,,
2022/02/04,,,,,,
2022/02/05,,,,,,
2022/02/06,,,,,,
2022/02/07,,,,,,
2022/02/08,,,,,,
2022/02/09,,,,,,
2022/02/10,,,,,,
2022/02/11,,,,,,
2022/02/12,,,,,,
2022/02/13,,,,,,
2022/02/14,,,,,,
2022/02/15,,,,,,
2022/02/16,,,,,,
2022/02/17,,,,,,
2022/02/18,,,,,,
2022/02/19,,,,,,
2022/02/20,,,,,,
2022/02/21,,,,,,
2022/02/22,,,,,,
2022/02/23,,,,,,
2022/02/24,,,,,,
2022/02/25,,,,,,
2022/02/26,,,,,,
2022/02/27,,,,,,
2022/02/28,,,,,,
2022/03/01,,,,,,
2022/03/02,,,,,,
2022/03/03,,,,,,
2022/03/04,,,,,,
2022/03/05,,,,,,
2022/03/06,,,,,,
2022/03/07,,,,,,
2022/03/08,,,,,,
2022/03/09,,,,,,
2022/03/10,,,,,,
2022/03/11,,,,,,
2022/03/12,,,,,,
2022/03/13,,,,,,
2022/03/14,,,,,,
2022/03/15,,,,,,
2022/03/16,,,,,,
2022/03/17,,,,,,
2022/03/18,,,,,,
2022/03/19,,,,,,
2022/03/20,,,,,,
2022/03/21,,,,,,
2022/03/22,,,,,,
2022/03/23,,,,,,
2022/03/24,,,,,,
2022/03/25,,,,,,
2022/03/26,,,,,,
2022/03/27,,,,,,
2022/03/28,,,,,,
2022/03/29,,,,,,
2022/03/30,,,,,,
2022/03/31,,,,,,
2022/04/01,,,,,,
2022/04/02,,,,,,
2022/04/03,,,,,,
2022/04/04,,,,,,
2022/04/05,,,,,,
2022/04/06,,,,,,
2022/04/07,,,,,,
2022/04/08,,,,,,
2022/04/09,,,,,,
2022/04/10,,,,,,
2022/04/11,,,,,,
2022/04/12,,,,,,
2022/04/13,,,,,,
2022/04/14,,,,,,
2022/04/15,,,,,,
2022/04/16,,,,,,
2022/04/17,,,,,,
2022/04/18,,,,,,
2022/04/19,,,,,,
2022/04/20,,,,,,
2022/04/21,,,,,,
2022/04/22,,,,,,
2022/04/23,,,,,,
2022/04/24,,,,,,
2022/04/25,,,,,,
2022/04/26,,,,,,
2022/04/27,,,,,,
2022/04/28,,,,,,
2022/04/29,,,,,,
2022/04/30,,,,,,
2022/05/01,,,,,,
2022/05/02,,,,,,
2022/05/03,,,,,,
2022/05/04,,,,,,
2022/05/05,,,,,,
2022/05/06,,,,,,
2022/05/07,,,,,,
2022/05/08,,,,,,
2022/05/09,,,,,,
2022/05/10,,,,,,
2022/05/11,,,,,,
2022/05/12,,,,,,
2022/05/13,,,,,,
2022/05/14,,,,,,
2022/05/15,,,,,,
2022/05/16,,,,,,
2022/05/17,,,,,,
2022/05/18,,,,,,
2022/05/19,,,,,,
2022/05/20,,,,,,
2022/05/21,,,,,,
2022/05/22,,,,,,
2022/05/23,,,,,,
2022/05/24,,,,,,
2022/05/25,,,,,,
2022/05/26,,,,,,
2022/05/27,,,,,,
2022/05/28,,,,,,
2022/05/29,,,,,,
2022/05/30,,,,,,
2022/05/31,,,,,,
2022/06/01,,,,,,
2022/06/02,,,,,,
2022/06/03,,,,,,
2022/06/04,,,,,,
2022/06/05,,,,,,
2022/06/06,,,,,,
2022/06/07,,,,,,
2022/06/08,,,,,,
2022/06/09,,,,,,
2022/06/10,,,,,,
2022/06/11,,,,,,
2022/06/12,,,,,,
2022/06/13,,,,,,
2022/06/14,,,,,,
2022/06/15,,,,,,
2022/06/16,,,,,,
2022/06/17,,,,,,
2022/06/18,,,,,,
2022/06/19,,,,,,
2022/06/20,,,,,,
2022/06/21,,,,,,
2022/06/22,,,,,,
2022/06/23,,,,,,
2022/06/24,,,,,,
2022/06/25,,,,,,
2022/06/26,,,,,,
2022/06/27,,,,,,
2022/06/28,,,,,,
2022/06/29,,,,,,
2022/06/30,,,,,,
2022/07/01,,,,,,
2022/07/02,,,,,,
2022/07/03,,,,,,
2022/07/04,,,,,,
2022/07/05,,,,,,
2022/07/06,,,,,,
2022/07/07,,,,,,
2022/07/08,,,,,,
2022/07/09,,,,,,
2022/07/10,,,,,,
2022/07/11,,,,,,
2022/07/12,,,,,,
2022/07/13,,,,,,
2022/07/14,,,,,,
2022/07/15,,,,,,
2022/07/16,,,,,,
2022/07/17,,,,,,
2022/07/18,,,,,,
2022/07/19,,,,,,
2022/07/20,,,,,,
2022/07/21,,,,,,
2022/07/22,,,,,,
2022/07/23,,,,,,
2022/07/24,,,,,,
2022/07/25,,,,,,
2022/07/26,,,,,,
2022/07/27,,,,,,
2022/07/28,,,,,,
2022/07/29,,,,,,
2022/07/30,,,,,,
2022/07/31,,,,,,
2022/08/01,,,,,,
2022/08/02,,,,,,
2022/08/03,,,,,,
2022/08/04,,,,,,
2022/08/05,,,,,,
2022/08/06,,,,,,
2022/08/07,,,,,,
2022/08/08,,,,,,
2022/08/09,,,,,,
2022/08/10,,,,,,
2022/08/11,,,,,,
2022/08/12,,,,,,
2022/08/13,,,,,,
2022/08/14,,,,,,
2022/08/15,,,,,,
2022/08/16,,,,,,
2022/08/17,,,,,,
2022/08/18,,,,,,
2022/08/19,,,,,,
2022/08/20,,,,,,
2022/08/21,,,,,,
2022/08/22,,,,,,
2022/08/23,,,,,,
2022/08/24,,,,,,
2022/08/25,,,,,,
2022/08/26,,,,,,
2022/08/27,,,,,,
2022/08/28,,,,,,
2022/08/29,,,,,,
2022/08/30,,,,,,
2022/08/31,,,,,,
2022/09/01,,,,,,
2022/09/02,,,,,,
2022/09/03,,,,,,
2022/09/04,,,,,,
2022/09/05,,,,,,
2022/09/06,,,,,,
2022/09/07,,,,,,
2022/09/08,,,,,,
2022/09/09,,,,,,
2022/09/10,,,,,,
2022/09/11,,,,,,
2022/09/12,,,,,,
2022/09/13,,,,,,
2022/09/14,,,,,,
2022/09/15,,,,,,
2022/09/16,,,,,,
2022/09/17,,,,,,
2022/09/18,,,,,,
2022/09/19,,,,,,
2022/09/20,,,,,,
2022/09/21,,,,,,
2022/09/22,,,,,,
2022/09/23,,,,,,
2022/09/24,,,,,,
2022/09/25,,,,,,
2022/09/26,,,,,,
2022/09/27,,,,,,
2022/09/28,,,,,,
2022/09/29,,,,,,
2022/09/30,,,,,,
2022/10/01,,,,,,
2022/10/02,,,,,,
2022/10/03,,,,,,
2022/10/04,,,,,,
2022/10/05,,,,,,
2022/10/06,,,,,,
2022/10/07,,,,,,
2022/10/08,,,,,,
2022/10/09,,,,,,
2022/10/10,,,,,,
2022/10/11,,,,,,
2022/10/12,,,,,,
2022/10/13,,,,,,
2022/10/14,,,,,,
2022/10/15,,,,,,
2022/10/16,,,,,,
2022/10/17,,,,,,
2022/10/18,,,,,,
2022/10/19,,,,,,
2022/10/20,,,,,,
2022/10/21,,,,,,
2022/10/22,,,,,,
2022/10/23,,,,,,
2022/10/24,,,,,,
2022/10/25,,,,,,
2022/10/26,,,,,,
2022/10/27,,,,,,
2022/10/28,,,,,,
2022/10/29,,,,,,
2022/10/30,,,,,,
2022/10/31,,,,,,
2022/11/01,,,,,,
2022/11/02,,,,,,
2022/11/03,,,,,,
2022/11/04,,,,,,
2022/11/05,,,,,,
2022/11/06,,,,,,
2022/11/07,,,,,,
2022/11/08,,,,,,
2022/11/09,,,,,,
2022/11/10,,,,,,
2022/11/11,,,,,,
2022/11/12,,,,,,
2022/11/13,,,,,,
2022/11/14,,,,,,
2022/11/15,,,,,,
2022/11/16,,,,,,
2022/11/17,,,,,,
2022/11/18,,,,,,
2022/11/19,,,,,,
2022/11/20,,,,,,
2022/11/21,,,,,,
2022/11/22,,,,,,
2022/11/23,,,,,,
2022/11/24,,,,,0.0,0.0
2022/11/25,,,,,0.0,0.0
2022/11/26,,,,,,
2022/11/27,,,,,,
2022/11/28,,,,,,
2022/11/29,,,,,,
2022/11/30,,,,,0.0,0.0
2022/12/01,,,,,0.0,0.0
2022/12/02,,,,,0.0,0.0
2022/12/03,,,,,0.0,0.0
2022/12/04,,,,,0.0,0.0
2022/12/05,,,,,0.0,0.0
2022/12/06,,,,,0.0,0.0
2022/12/07,,,,,0.0,0.0
2022/12/08,,,,,0.0,0.0
2022/12/09,,,,,0.0,0.0
2022/12/10,,,,,,
2022/12/11,,,,,,
2022/12/12,,,,,,
2022/12/13,,,,,,
2022/12/14,,,,,,
2022/12/15,,,,,,
2022/12/16,,,,,0.0,0.0
2022/12/17,0.653000,1.609000,0.000000,358.426204,100.0,100.0
2022/12/18,0.911095,3.102000,0.000000,322.892294,100.0,100.0
2022/12/19,0.617000,1.352000,0.000000,72.000000,100.0,100.0
2022/12/20,1.228826,7.500000,0.000000,317.118187,100.0,100.0
2022/12/21,0.796100,7.148000,0.000000,260.878481,100.0,100.0
2022/12/22,1.603346,7.781000,0.000000,319.216751,100.0,100.0
2022/12/23,2.097750,10.672000,0.000000,184.506775,100.0,100.0
2022/12/24,1.879104,12.117000,0.000000,184.470026,100.0,100.0
2022/12/25,1.151701,9.539000,0.000000,181.655587,100.0,100.0
2022/12/26,2.722929,9.406000,0.000000,218.774235,100.0,100.0
2022/12/27,0.745950,4.250000,0.000000,139.987505,100.0,100.0
2022/12/28,2.154773,9.289000,0.000000,187.047933,100.0,100.0
2022/12/29,0.970400,4.742000,0.000000,317.304955,100.0,100.0
2022/12/30,1.210889,5.430000,0.000000,270.410838,100.0,100.0
2022/12/31,1.180806,4.867000,0.000000,180.921922,100.0,100.0
2023/01/01,0.902700,3.609000,0.000000,84.645139,100.0,100.0
2023/01/02,0.819150,4.172000,0.000000,84.999546,99.7,100.0
2023/01/03,0.778929,2.539000,0.000000,318.729166,99.7,100.0
2023/01/04,1.135636,3.461000,0.000000,324.585740,100.0,100.0
2023/01/05,0.841611,4.070000,0.000000,321.651994,100.0,100.0
2023/01/06,1.119448,10.219000,0.000000,145.748331,100.0,100.0
2023/01/07,0.789357,3.844000,0.000000,43.074822,100.0,100.0
2023/01/08,3.137351,9.883000,0.000000,222.723824,100.0,100.0
2023/01/09,0.974000,3.211000,0.000000,312.499589,100.0,100.0
2023/01/10,0.824148,5.891000,0.000000,45.138620,100.0,100.0
2023/01/11,1.107651,4.812000,0.000000,41.233344,100.0,100.0
2023/01/12,1.134965,4.781000,0.000000,43.762847,100.0,100.0
2023/01/13,0.841412,5.922000,0.000000,98.730928,99.3,100.0
2023/01/14,1.257509,9.570000,0.000000,175.359134,100.0,100.0
2023/01/15,1.000000,2.742000,0.000000,315.721560,100.0,100.0
2023/01/16,0.791909,2.969000,0.000000,1.581513,100.0,100.0
2023/01/17,0.596100,2.102000,0.000000,42.129416,100.0,100.0
2023/01/18,2.869579,10.039000,0.000000,222.443797,100.0,100.0
2023/01/19,1.153875,7.922000,0.000000,39.867890,100.0,100.0
2023/01/20,0.952043,6.070000,0.000000,135.047023,100.0,100.0
2023/01/21,0.829500,3.000000,0.000000,85.080877,100.0,100.0
2023/01/22,0.719960,3.453000,0.000000,96.697550,100.0,100.0
2023/01/23,1.138957,7.109000,0.000000,312.440456,100.0,100.0
2023/01/24,1.620326,7.172000,0.000000,266.655722,100.0,100.0
2023/01/25,0.566500,2.328000,0.000000,88.500000,100.0,100.0
2023/01/26,0.697455,2.531000,0.000000,89.771594,100.0,100.0
2023/01/27,0.832000,4.469000,0.000000,85.993070,99.7,100.0
2023/01/28,1.248586,3.477000,0.000000,0.157209,100.0,100.0
2023/01/29,1.437200,4.867000,0.000000,37.847465,100.0,100.0
2023/01/30,0.902464,2.648000,0.000000,312.564172,100.0,100.0
2023/01/31,1.699938,7.758000,0.000000,181.183000,100.0,100.0
2023/02/01,1.346304,4.531000,0.000000,178.580670,100.0,100.0
2023/02/02,0.904095,3.203000,0.000000,319.556349,100.0,100.0
2023/02/03,0.804750,2.273000,0.000000,96.284035,100.0,100.0
2023/02/04,0.603278,4.352000,0.000000,312.488050,100.0,100.0
2023/02/05,0.863818,7.102000,0.000000,141.997510,100.0,100.0
2023/02/06,2.390019,9.602000,0.000000,221.470659,100.0,100.0
2023/02/07,1.960056,10.148000,0.000000,302.909148,100.0,100.0
2023/02/08,0.971435,5.141000,0.000000,324.254031,100.0,100.0
2023/02/09,0.732333,7.320000,0.000000,88.283438,100.0,100.0
2023/02/10,1.164533,3.602000,0.000000,320.497540,100.0,100.0
2023/02/11,0.763474,2.641000,0.000000,323.372810,100.0,100.0
2023/02/12,0.868421,3.477000,0.000000,322.240064,100.0,100.0
2023/02/13,0.870500,3.094000,0.000000,91.206863,100.0,100.0
2023/02/14,0.571600,3.039000,0.000000,84.200143,100.0,100.0
2023/02/15,2.717861,9.359000,0.000000,224.389888,100.0,100.0
2023/02/16,0.503444,1.750000,0.000000,86.849538,100.0,100.0
2023/02/17,0.587875,2.156000,0.000000,94.159142,100.0,100.0
2023/02/18,0.797143,4.531000,0.000000,90.540162,100.0,100.0
2023/02/19,1.743828,9.109000,0.000000,184.790406,100.0,100.0
2023/02/20,1.392143,7.438000,0.000000,182.324475,100.0,100.0
2023/02/21,1.202000,4.023000,0.000000,33.562522,100.0,100.0
2023/02/22,1.222500,4.758000,0.000000,180.468203,100.0,100.0
2023/02/23,0.800514,5.242000,0.000000,314.478901,100.0,100.0
2023/02/24,1.164133,3.898000,0.000000,145.445138,100.0,100.0
2023/02/25,1.080371,6.062000,0.000000,264.442528,100.0,100.0
2023/02/26,0.937333,4.531000,0.000000,261.414113,100.0,100.0
2023/02/27,1.734811,6.711000,0.000000,185.973893,100.0,100.0
2023/02/28,1.432976,5.406000,0.000000,183.474209,100.0,100.0
2023/03/01,0.975407,5.312000,0.000000,141.784286,100.0,100.0
2023/03/02,1.448000,5.211000,0.000000,178.809326,100.0,100.0
2023/03/03,1.202778,6.641000,0.000000,264.677789,100.0,100.0
2023/03/04,1.301550,5.859000,0.000000,266.362630,100.0,100.0
2023/03/05,0.621000,3.031000,0.000000,359.648514,100.0,100.0
2023/03/06,1.098190,5.531000,0.000000,272.585997,100.0,100.0
2023/03/07,1.363300,6.133000,0.000000,267.146387,100.0,100.0
2023/03/08,1.115595,8.469000,0.000000,181.046869,100.0,100.0
2023/03/09,0.787318,3.062000,0.000000,48.671913,100.0,100.0
2023/03/10,1.024073,5.938000,0.000000,178.951789,100.0,100.0
2023/03/11,0.769182,2.953000,0.000000,307.739944,100.0,100.0
2023/03/12,0.676053,3.523000,0.000000,262.960122,99.0,100.0
2023/03/13,0.693212,4.078000,0.000000,324.535095,100.0,100.0
2023/03/14,0.882250,5.367000,0.000000,263.880989,100.0,100.0
2023/03/15,0.821429,2.320000,0.000000,103.959270,100.0,100.0
2023/03/16,2.063714,7.797000,0.000000,225.262284,100.0,100.0
2023/03/17,2.451586,9.062000,0.000000,228.348327,100.0,100.0
2023/03/18,2.394836,8.141000,0.000000,217.599376,100.0,100.0
2023/03/19,1.270205,5.172000,0.000000,181.349922,100.0,100.0
2023/03/20,1.374200,7.258000,0.000000,265.944026,100.0,100.0
2023/03/21,1.631098,8.688000,0.000000,187.137161,100.0,100.0
2023/03/22,1.265974,7.352000,0.000000,258.865122,100.0,100.0
2023/03/23,1.056200,2.781000,0.000000,44.833183,100.0,100.0
2023/03/24,0.933750,2.891000,0.000000,46.730188,100.0,100.0
2023/03/25,1.357500,7.211000,0.000000,261.081494,100.0,100.0
2023/03/26,0.609923,1.898000,0.000000,42.587188,100.0,100.0
2023/03/27,0.338900,2.242000,0.000000,89.399607,100.0,100.0
2023/03/28,0.834233,3.180000,0.000000,88.131772,100.0,100.0
2023/03/29,1.927325,6.938000,0.000000,226.072122,100.0,100.0
2023/03/30,0.910316,3.477000,0.000000,136.920574,100.0,100.0
2023/03/31,0.737909,2.961000,0.000000,223.834137,100.0,100.0
2023/04/01,0.707462,2.672000,0.000000,40.235088,100.0,100.0
2023/04/02,0.823083,4.617000,0.000000,265.953898,100.0,100.0
2023/04/03,0.871050,4.828000,0.000000,139.352286,99.7,100.0
2023/04/04,0.870188,3.008000,0.000000,91.351936,100.0,100.0
2023/04/05,1.277882,5.273000,0.000000,3.080282,99.7,100.0
2023/04/06,1.054615,4.352000,0.000000,314.989359,100.0,100.0
2023/04/07,0.497333,2.141000,0.000000,4.589014,99.7,100.0
2023/04/08,1.197412,4.578000,0.000000,274.906488,100.0,100.0
2023/04/09,1.143286,7.008000,0.000000,266.137551,100.0,100.0
2023/04/10,1.079560,3.594000,0.000000,41.064349,100.0,100.0
2023/04/11,0.913340,3.969000,0.000000,358.304982,100.0,100.0
2023/04/12,1.164100,5.156000,0.000000,355.108924,100.0,100.0
2023/04/13,0.821481,3.883000,0.000000,4.586841,100.0,100.0
2023/04/14,1.434954,7.078000,0.000000,179.484274,100.0,100.0
2023/04/15,2.894824,10.094000,0.000000,226.687682,100.0,100.0
2023/04/16,1.085640,4.023000,0.000000,3.248363,100.0,100.0
2023/04/17,1.010111,3.828000,0.000000,4.896181,100.0,100.0
2023/04/18,2.638861,8.422000,0.000000,223.215501,100.0,100.0
2023/04/19,0.766156,3.344000,0.000000,139.820661,100.0,100.0
2023/04/20,1.219417,5.156000,0.000000,261.899309,100.0,100.0
2023/04/21,1.387281,5.797000,0.000000,269.236979,100.0,100.0
2023/04/22,0.748400,2.320000,0.000000,323.468832,100.0,100.0
2023/04/23,0.605625,3.711000,0.000000,83.387526,100.0,100.0
2023/04/24,1.570152,9.391000,0.000000,181.720743,100.0,100.0
2023/04/25,1.174239,4.602000,0.000000,40.948659,100.0,100.0
2023/04/26,2.949442,10.070000,0.000000,143.301272,100.0,100.0
2023/04/27,1.020033,5.328000,0.000000,265.151066,100.0,100.0
2023/04/28,1.149073,3.727000,0.000000,4.426481,100.0,100.0
2023/04/29,2.507770,9.422000,0.000000,218.865411,100.0,100.0
2023/04/30,2.635118,10.352000,0.000000,220.361310,100.0,100.0
2023/05/01,1.581679,6.922000,0.000000,223.860276,100.0,100.0
2023/05/02,0.711000,2.922000,0.000000,46.324998,100.0,100.0
2023/05/03,1.098500,5.438000,0.000000,41.670344,100.0,100.0
2023/05/04,2.086120,7.406000,0.000000,228.744976,100.0,100.0
2023/05/05,2.286473,10.102000,0.000000,268.378097,100.0,100.0
2023/05/06,1.055314,5.188000,0.000000,187.533186,99.7,100.0
2023/05/07,2.155145,10.711000,0.000000,265.384305,100.0,100.0
2023/05/08,1.557622,6.406000,0.000000,351.774098,100.0,100.0
2023/05/09,1.644141,6.281000,0.000000,225.819077,100.0,100.0
2023/05/10,0.838114,3.367000,0.000000,319.605749,100.0,100.0
2023/05/11,1.168634,5.711000,0.000000,319.228803,100.0,100.0
2023/05/12,3.100667,10.930000,0.000000,225.518436,100.0,100.0
2023/05/13,1.666654,5.227000,0.000000,355.945663,100.0,100.0
2023/05/14,1.463368,5.844000,0.000000,264.009951,100.0,100.0
2023/05/15,1.363238,7.172000,0.000000,186.212825,100.0,100.0
2023/05/16,1.115500,3.703000,0.000000,317.084269,100.0,100.0
2023/05/17,0.946667,4.273000,0.000000,317.835416,99.3,100.0
2023/05/18,0.612800,3.852000,0.000000,95.832603,100.0,100.0
2023/05/19,0.765706,3.070000,0.000000,43.194176,100.0,100.0
2023/05/20,0.806773,2.883000,0.000000,313.400164,100.0,100.0
2023/05/21,0.349000,1.758000,0.000000,86.688403,100.0,100.0
2023/05/22,0.000000,,,,99.7,100.0
2023/05/23,1.048194,3.992000,0.000000,144.265944,100.0,100.0
2023/05/24,1.209040,5.852000,0.000000,137.881289,100.0,100.0
2023/05/25,2.555553,9.523000,0.000000,223.291701,100.0,100.0
2023/05/26,0.655765,2.688000,0.000000,82.400574,100.0,100.0
2023/05/27,0.663714,3.328000,0.000000,136.765711,100.0,100.0
2023/05/28,1.541456,8.500000,0.000000,50.119916,100.0,100.0
2023/05/29,0.730737,2.828000,0.000000,43.791582,100.0,100.0
2023/05/30,0.762375,2.773000,0.000000,92.541364,99.7,100.0
2023/05/31,0.792200,3.242000,0.000000,141.027710,100.0,100.0
2023/06/01,1.083471,3.562000,0.000000,43.006500,100.0,100.0
2023/06/02,0.639118,2.609000,0.000000,320.971458,100.0,100.0
2023/06/03,0.569250,1.727000,0.000000,80.433374,100.0,100.0
2023/06/04,0.875467,4.828000,0.000000,264.332898,100.0,100.0
2023/06/05,1.556254,8.711000,0.000000,41.958713,100.0,100.0
2023/06/06,0.755400,3.211000,0.000000,46.977363,100.0,100.0
2023/06/07,1.557551,7.078000,0.000000,182.830258,100.0,100.0
2023/06/08,0.913611,4.094000,0.000000,143.549496,100.0,100.0
2023/06/09,1.135976,6.180000,0.000000,4.007483,100.0,100.0
2023/06/10,0.633913,3.039000,0.000000,138.734954,100.0,100.0
2023/06/11,1.926240,8.656000,0.000000,262.868038,100.0,100.0
2023/06/12,1.824586,8.250000,0.000000,266.396932,100.0,100.0
2023/06/13,0.751364,3.992000,0.000000,45.785020,99.7,100.0
2023/06/14,1.451875,6.211000,0.000000,186.380679,100.0,100.0
2023/06/15,0.570250,3.492000,0.000000,91.671072,100.0,100.0
2023/06/16,0.810214,4.609000,0.000000,93.636547,100.0,100.0
2023/06/17,1.544766,8.680000,0.000000,7.188581,100.0,100.0
2023/06/18,1.691421,6.172000,0.000000,2.741543,100.0,100.0
2023/06/19,1.280333,4.172000,0.000000,232.970552,100.0,100.0
2023/06/20,1.150727,8.422000,0.000000,310.407818,100.0,100.0
2023/06/21,1.329444,6.242000,0.000000,14.977984,100.0,100.0
2023/06/22,1.257536,5.758000,0.000000,359.826699,100.0,100.0
2023/06/23,0.447000,1.477000,0.000000,86.396414,100.0,100.0
2023/06/24,1.159582,5.242000,0.000000,4.258829,100.0,100.0
2023/06/25,1.448250,6.172000,0.000000,260.070495,100.0,100.0
2023/06/26,1.235365,7.600000,0.000000,359.165753,99.7,100.0
2023/06/27,1.212000,6.602000,0.000000,318.261194,100.0,100.0
2023/06/28,0.460105,2.031000,0.000000,139.037006,100.0,100.0
2023/06/29,1.671571,7.883000,0.000000,4.551793,100.0,100.0
2023/06/30,1.704833,7.422000,0.000000,83.437047,100.0,100.0
2023/07/01,0.897000,4.883000,0.000000,86.003437,100.0,100.0
2023/07/02,3.112080,9.742000,0.000000,222.022254,100.0,100.0
2023/07/03,0.912760,3.547000,0.000000,317.695783,100.0,100.0
2023/07/04,1.354143,8.062000,0.000000,274.455130,100.0,100.0
2023/07/05,1.290519,6.688000,0.000000,267.611441,100.0,100.0
2023/07/06,1.138147,5.359000,0.000000,265.665035,100.0,100.0
2023/07/07,1.226455,9.320000,0.000000,183.642063,99.7,100.0
2023/07/08,0.834619,5.898000,0.000000,322.041084,100.0,100.0
2023/07/09,1.238167,5.773000,0.000000,317.675555,100.0,100.0
2023/07/10,0.850444,4.430000,0.000000,93.733350,100.0,100.0
2023/07/11,0.854929,5.328000,0.000000,95.052735,100.0,100.0
2023/07/12,0.850235,4.977000,0.000000,35.243834,100.0,100.0
2023/07/13,1.475283,6.570000,0.000000,274.245250,100.0,100.0
2023/07/14,0.891304,3.211000,0.000000,142.189483,100.0,100.0
2023/07/15,1.160618,6.102000,0.000000,356.388328,100.0,100.0
2023/07/16,0.853500,5.039000,0.000000,135.460388,100.0,100.0
2023/07/17,1.605598,6.422000,0.000000,227.698019,100.0,100.0
2023/07/18,1.454074,8.719000,0.000000,359.697092,100.0,100.0
2023/07/19,1.414467,6.500000,0.000000,4.513775,100.0,100.0
2023/07/20,0.762000,4.156000,0.000000,224.500000,100.0,100.0
2023/07/21,2.001261,11.539000,0.000000,88.792390,100.0,100.0
2023/07/22,1.843147,7.750000,0.000000,2.915344,100.0,100.0
2023/07/23,1.444714,7.062000,0.000000,93.037790,100.0,100.0
2023/07/24,2.350243,9.094000,0.000000,230.172386,100.0,100.0
2023/07/25,3.142559,9.758000,0.000000,221.899013,100.0,100.0
2023/07/26,3.160400,11.211000,0.000000,221.848386,100.0,100.0
2023/07/27,3.232042,10.930000,0.000000,220.669837,100.0,100.0
2023/07/28,1.385313,6.273000,0.000000,90.052971,100.0,100.0
2023/07/29,2.077000,7.906000,0.000000,36.543915,100.0,100.0
2023/07/30,1.279231,5.500000,0.000000,46.045250,100.0,100.0
2023/07/31,1.371381,4.289000,0.000000,324.979025,100.0,100.0
2023/08/01,2.698028,12.700000,0.000000,44.230915,100.0,100.0
2023/08/02,0.995815,7.800000,0.000000,131.970725,100.0,100.0
2023/08/03,1.276190,6.609000,0.000000,185.014513,100.0,100.0
2023/08/04,1.594167,5.688000,0.000000,36.430016,100.0,100.0
2023/08/05,2.092149,11.781000,0.000000,83.685052,100.0,100.0
2023/08/06,1.567188,4.312000,0.000000,325.151772,100.0,100.0
2023/08/07,1.657896,10.688000,0.000000,278.043254,100.0,100.0
2023/08/08,1.121158,7.500000,0.000000,131.785596,100.0,100.0
2023/08/09,0.845600,2.531000,0.000000,142.252389,100.0,100.0
2023/08/10,0.890636,4.742000,0.000000,133.078809,100.0,100.0
2023/08/11,0.603750,2.900000,0.000000,140.932405,100.0,100.0
2023/08/12,1.262188,5.742000,0.000000,90.065570,100.0,100.0
2023/08/13,2.951461,11.609000,0.000000,220.858348,100.0,100.0
2023/08/14,0.719357,2.773000,0.000000,82.974624,100.0,100.0
2023/08/15,0.754429,2.258000,0.000000,266.266546,100.0,100.0
2023/08/16,0.778154,4.023000,0.000000,318.842189,100.0,100.0
2023/08/17,1.095277,5.008000,0.000000,34.015669,100.0,100.0
2023/08/18,0.991545,4.289000,0.000000,319.968467,100.0,100.0
2023/08/19,0.894339,5.656000,0.000000,4.030696,100.0,100.0
2023/08/20,1.083838,6.844000,0.000000,139.466410,100.0,100.0
2023/08/21,0.974105,2.781000,0.000000,317.995832,100.0,100.0
2023/08/22,1.247057,6.227000,0.000000,267.125565,100.0,100.0
2023/08/23,0.904512,5.367000,0.000000,228.350423,99.3,100.0
2023/08/24,0.701174,3.900000,0.000000,177.823097,100.0,100.0
2023/08/25,1.504464,4.750000,0.000000,227.940825,100.0,100.0
2023/08/26,2.554705,12.852000,0.000000,189.693880,100.0,100.0
2023/08/27,1.337234,6.148000,0.000000,37.277979,99.7,100.0
2023/08/28,1.933347,8.594000,0.000000,41.424138,100.0,100.0
2023/08/29,1.024667,4.242000,0.000000,85.361795,100.0,100.0
2023/08/30,1.548018,8.648000,0.000000,319.844322,100.0,100.0
2023/08/31,1.139656,8.367000,0.000000,36.507360,100.0,100.0
2023/09/01,1.271100,5.102000,0.000000,83.188425,100.0,100.0
2023/09/02,1.026591,4.938000,0.000000,86.693627,100.0,100.0
2023/09/03,0.774048,3.180000,0.000000,89.824688,100.0,100.0
2023/09/04,1.203000,4.594000,0.000000,121.501835,100.0,100.0
2023/09/05,1.715286,9.539000,0.000000,132.686353,100.0,100.0
2023/09/06,1.139000,6.438000,0.000000,131.056151,100.0,100.0
2023/09/07,2.087000,5.633000,0.000000,128.997477,100.0,100.0
2023/09/08,3.601306,11.562000,0.000000,222.225750,100.0,100.0
2023/09/09,1.447378,5.070000,0.000000,320.830008,100.0,100.0
2023/09/10,0.411222,2.398000,0.000000,87.518067,100.0,100.0
2023/09/11,0.799900,4.820000,0.000000,138.846080,100.0,100.0
2023/09/12,2.832066,13.008000,0.000000,223.416459,100.0,100.0
2023/09/13,1.280391,5.352000,0.000000,39.604414,100.0,100.0
2023/09/14,2.392074,10.406000,0.000000,227.726015,100.0,100.0
2023/09/15,1.144375,3.422000,0.000000,132.887583,100.0,100.0
2023/09/16,1.339500,4.156000,0.000000,104.000000,100.0,100.0
2023/09/17,0.501500,2.844000,0.000000,81.334215,100.0,100.0
2023/09/18,0.962140,3.656000,0.000000,228.223629,100.0,100.0
2023/09/19,1.729293,6.633000,0.000000,226.602271,100.0,100.0
2023/09/20,1.192750,6.672000,0.000000,226.442869,100.0,100.0
2023/09/21,1.111125,3.062000,0.000000,142.923812,100.0,100.0
2023/09/22,0.798375,5.406000,0.000000,142.908339,99.7,100.0
2023/09/23,1.199286,5.641000,0.000000,79.387263,100.0,100.0
2023/09/24,2.778343,9.602000,0.000000,226.739414,100.0,100.0
2023/09/25,1.517179,4.961000,0.000000,323.745823,100.0,100.0
2023/09/26,0.904967,2.688000,0.000000,42.542235,100.0,100.0
2023/09/27,1.153241,7.727000,0.000000,44.663382,100.0,100.0
2023/09/28,1.460038,3.883000,0.000000,4.424438,100.0,100.0
2023/09/29,1.233000,3.594000,0.000000,138.368461,100.0,100.0
2023/09/30,1.423065,5.422000,0.000000,181.918419,100.0,100.0
2023/10/01,2.611464,8.273000,0.000000,226.994775,100.0,100.0
2023/10/02,0.762500,3.758000,0.000000,145.910360,100.0,100.0
2023/10/03,1.981104,11.844000,0.000000,181.441688,100.0,100.0
2023/10/04,0.745200,3.109000,0.000000,319.765933,100.0,100.0
2023/10/05,0.722368,3.328000,0.000000,85.774049,100.0,100.0
2023/10/06,1.043773,3.922000,0.000000,3.378665,100.0,100.0
2023/10/07,0.529333,2.359000,0.000000,90.999970,100.0,100.0
2023/10/08,1.215895,5.477000,0.000000,184.530618,100.0,100.0
2023/10/09,1.363000,11.219000,0.000000,43.319631,100.0,100.0
2023/10/10,0.992844,5.969000,0.000000,316.915611,100.0,100.0
2023/10/11,1.355360,4.898000,0.000000,3.773797,100.0,100.0
2023/10/12,2.960000,12.594000,0.000000,222.887971,100.0,100.0
2023/10/13,3.013035,11.273000,0.000000,221.382147,100.0,100.0
2023/10/14,0.652533,2.500000,0.000000,182.509114,100.0,100.0
2023/10/15,0.964389,3.773000,0.000000,79.573184,100.0,100.0
2023/10/16,0.544600,2.117000,0.000000,93.080634,100.0,100.0
2023/10/17,1.411500,9.461000,0.000000,184.406527,100.0,100.0
2023/10/18,1.024567,6.688000,0.000000,317.623389,100.0,100.0
2023/10/19,1.270000,5.453000,0.000000,89.037573,100.0,100.0
2023/10/20,1.624852,8.547000,0.000000,183.847799,100.0,100.0
2023/10/21,0.446000,3.203000,0.000000,92.721525,100.0,100.0
2023/10/22,0.684476,3.711000,0.000000,90.463080,100.0,100.0
2023/10/23,0.987825,3.461000,0.000000,358.058609,100.0,100.0
2023/10/24,0.573889,2.547000,0.000000,82.256316,100.0,100.0
2023/10/25,1.741265,12.570000,0.000000,141.255898,100.0,100.0
2023/10/26,0.342500,1.633000,0.000000,95.511471,100.0,100.0
2023/10/27,0.681929,3.367000,0.000000,91.803069,100.0,100.0
2023/10/28,0.783780,2.969000,0.000000,45.008508,100.0,100.0
2023/10/29,0.896214,3.094000,0.000000,0.557736,100.0,100.0
2023/10/30,0.709737,2.711000,0.000000,136.520146,100.0,100.0
2023/10/31,0.924667,3.953000,0.000000,358.623439,100.0,100.0
2023/11/01,0.634966,2.281000,0.000000,84.146646,100.0,100.0
2023/11/02,0.828157,3.406000,0.000000,42.860633,100.0,100.0
2023/11/03,3.470188,10.094000,0.000000,221.766732,100.0,100.0
2023/11/04,2.623633,9.492000,0.000000,220.935112,100.0,100.0
2023/11/05,2.118250,11.953000,0.000000,184.519289,100.0,100.0
2023/11/06,0.967400,2.219000,0.000000,328.750763,100.0,100.0
2023/11/07,1.372516,6.188000,0.000000,6.559198,100.0,100.0
2023/11/08,1.050320,4.992000,0.000000,38.009863,99.0,100.0
2023/11/09,1.443220,6.352000,0.000000,178.448143,100.0,100.0
2023/11/10,3.277990,10.938000,0.000000,222.877413,100.0,100.0
2023/11/11,0.833107,4.859000,0.000000,266.233083,100.0,100.0
2023/11/12,1.917510,9.273000,0.000000,182.009733,100.0,100.0
2023/11/13,3.136658,9.742000,0.000000,222.613501,100.0,100.0
2023/11/14,0.900100,4.430000,0.000000,318.459698,100.0,100.0
2023/11/15,3.011489,10.172000,0.000000,224.041894,100.0,100.0
2023/11/16,1.137833,3.891000,0.000000,316.019390,99.3,100.0
2023/11/17,0.818640,3.547000,0.000000,88.876600,100.0,100.0
2023/11/18,0.824933,4.242000,0.000000,315.016984,100.0,100.0
2023/11/19,1.065365,4.320000,0.000000,1.651040,100.0,100.0
2023/11/20,0.899000,3.078000,0.000000,43.043947,100.0,100.0
2023/11/21,0.615444,2.391000,0.000000,83.829416,100.0,100.0
2023/11/22,1.255000,3.312000,0.000000,90.809633,100.0,100.0
2023/11/23,0.848250,3.258000,0.000000,89.786650,100.0,100.0
2023/11/24,0.879588,3.508000,0.000000,87.809280,100.0,100.0
2023/11/25,0.930654,3.750000,0.000000,353.323576,100.0,100.0
2023/11/26,0.994385,5.328000,0.000000,310.231071,100.0,100.0
2023/11/27,1.242222,3.344000,0.000000,135.609623,100.0,100.0
2023/11/28,1.357900,3.500000,0.000000,318.273493,100.0,100.0
2023/11/29,0.434727,1.867000,0.000000,95.666799,100.0,100.0
2023/11/30,1.141167,5.250000,0.000000,316.756895,100.0,100.0
2023/12/01,1.849917,7.539000,0.000000,261.524618,100.0,100.0
2023/12/02,2.042523,11.508000,0.000000,180.294913,100.0,100.0
2023/12/03,2.710654,10.578000,0.000000,182.511107,100.0,100.0
2023/12/04,1.343579,5.188000,0.000000,324.796215,100.0,100.0
2023/12/05,1.280174,6.023000,0.000000,139.614916,100.0,100.0
2023/12/06,0.637786,2.508000,0.000000,93.860592,100.0,100.0
2023/12/07,0.786944,2.938000,0.000000,323.160893,100.0,100.0
2023/12/08,1.542227,8.797000,0.000000,359.740516,100.0,100.0
2023/12/09,2.229286,8.359000,0.000000,222.863215,100.0,100.0
2023/12/10,1.106897,5.453000,0.000000,359.791832,100.0,100.0
2023/12/11,1.223842,4.922000,0.000000,354.611033,100.0,100.0
2023/12/12,0.894375,5.867000,0.000000,32.081713,100.0,100.0
2023/12/13,0.460750,1.492000,0.000000,86.997554,100.0,100.0
2023/12/14,0.883545,3.109000,0.000000,319.129945,100.0,100.0
2023/12/15,0.736714,3.078000,0.000000,33.612581,100.0,100.0
2023/12/16,1.887358,7.906000,0.000000,219.900074,100.0,100.0
2023/12/17,2.214818,6.133000,0.000000,224.781239,100.0,100.0
2023/12/18,1.078556,3.672000,0.000000,34.692670,100.0,100.0
2023/12/19,1.459667,5.594000,0.000000,141.991988,100.0,100.0
2023/12/20,0.834438,3.383000,0.000000,93.853416,100.0,100.0
2023/12/21,2.360924,8.430000,0.000000,225.098676,100.0,100.0
2023/12/22,0.757160,2.953000,0.000000,358.478670,100.0,100.0
2023/12/23,1.006816,4.930000,0.000000,44.302940,100.0,100.0
2023/12/24,3.484013,10.312000,0.000000,223.524739,100.0,100.0
2023/12/25,0.930214,2.727000,0.000000,42.097931,100.0,100.0
2023/12/26,1.194618,4.680000,0.000000,2.224881,100.0,100.0
2023/12/27,0.822707,2.852000,0.000000,141.295793,100.0,100.0
2023/12/28,1.287815,5.719000,0.000000,181.851362,100.0,100.0
2023/12/29,0.984676,3.188000,0.000000,40.696275,100.0,100.0
2023/12/30,2.849277,9.000000,0.000000,225.390761,100.0,100.0
2023/12/31,1.349063,7.148000,0.000000,179.314748,100.0,100.0
2024/01/01,,,,,,
2024/01/02,,,,,,
2024/01/03,,,,,,
2024/01/04,,,,,,
2024/01/05,,,,,,
2024/01/06,,,,,,
2024/01/07,,,,,,
2024/01/08,,,,,,
2024/01/09,,,,,,
2024/01/10,,,,,,
2024/01/11,,,,,,
2024/01/12,,,,,,
2024/01/13,,,,,,
2024/01/14,,,,,,
2024/01/15,,,,,,
2024/01/16,,,,,,
2024/01/17,,,,,,
2024/01/18,,,,,,
2024/01/19,,,,,,
2024/01/20,,,,,,
2024/01/21,,,,,,
2024/01/22,,,,,,
2024/01/23,,,,,,
2024/01/24,,,,,,
2024/01/25,,,,,,
2024/01/26,,,,,,
2024/01/27,,,,,,
2024/01/28,,,,,,
2024/01/29,,,,,,
2024/01/30,,,,,,
2024/01/31,,,,,,
2024/02/01,,,,,,
2024/02/02,,,,,,
2024/02/03,,,,,,
2024/02/04,,,,,,
2024/02/05,,,,,,
2024/02/06,,,,,,
2024/02/07,,,,,,
2024/02/08,,,,,,
2024/02/09,,,,,,
2024/02/10,,,,,,
2024/02/11,,,,,,
2024/02/12,,,,,,
2024/02/13,,,,,,
2024/02/14,,,,,,
2024/02/15,,,,,,
2024/02/16,,,,,,
2024/02/17,,,,,,
2024/02/18,,,,,,
2024/02/19,,,,,,
2024/02/20,,,,,,
2024/02/21,,,,,,
2024/02/22,,,,,,
2024/02/23,,,,,,
2024/02/24,,,,,,
2024/02/25,,,,,,
2024/02/26,,,,,,
2024/02/27,,,,,,
2024/02/28,,,,,,
2024/02/29,,,,,,
2024/03/01,,,,,,
2024/03/02,,,,,,
2024/03/03,,,,,,
2024/03/04,,,,,,
2024/03/05,,,,,,
2024/03/06,,,,,,
2024/03/07,,,,,,
2024/03/08,,,,,,
2024/03/09,,,,,,
2024/03/10,,,,,,
2024/03/11,,,,,,
2024/03/12,,,,,,
2024/03/13,,,,,,
2024/03/14,,,,,,
2024/03/15,,,,,,
2024/03/16,,,,,,
2024/03/17,,,,,,
2024/03/18,,,,,,
2024/03/19,,,,,,
2024/03/20,,,,,,
2024/03/21,,,,,,
2024/03/22,,,,,,
2024/03/23,,,,,,
2024/03/24,,,,,,
2024/03/25,,,,,,
2024/03/26,,,,,,
2024/03/27,,,,,,
2024/03/28,,,,,,
2024/03/29,,,,,,
2024/03/30,,,,,,
2024/03/31,,,,,,
2024/04/01,,,,,,
2024/04/02,,,,,,
2024/04/03,,,,,,
2024/04/04,,,,,,
2024/04/05,,,,,,
2024/04/06,,,,,,
2024/04/07,,,,,,
2024/04/08,,,,,,
2024/04/09,,,,,,
2024/04/10,,,,,,
2024/04/11,,,,,,
2024/04/12,,,,,,
2024/04/13,,,,,,
2024/04/14,,,,,,
2024/04/15,,,,,,
2024/04/16,,,,,,
2024/04/17,,,,,,
2024/04/18,,,,,,
2024/04/19,,,,,,
2024/04/20,,,,,,
2024/04/21,,,,,,
2024/04/22,,,,,,
2024/04/23,,,,,,
2024/04/24,,,,,,
2024/04/25,,,,,,
2024/04/26,,,,,,
2024/04/27,,,,,,
2024/04/28,,,,,,
2024/04/29,,,,,,
2024/04/30,,,,,,
2024/05/01,,,,,,
2024/05/02,,,,,,
2024/05/03,,,,,,
2024/05/04,,,,,,
2024/05/05,,,,,,
2024/05/06,,,,,,
2024/05/07,,,,,,
2024/05/08,,,,,,
2024/05/09,,,,,,
2024/05/10,,,,,,
2024/05/11,,,,,,
2024/05/12,,,,,,
2024/05/13,,,,,,
2024/05/14,,,,,,
2024/05/15,,,,,,
2024/05/16,,,,,,
2024/05/17,,,,,,
2024/05/18,,,,,,
2024/05/19,,,,,,
2024/05/20,,,,,,
2024/05/21,,,,,,
2024/05/22,,,,,,
2024/05/23,,,,,,
2024/05/24,,,,,,
2024/05/25,,,,,,
2024/05/26,,,,,,
2024/05/27,,,,,,
2024/05/28,,,,,,
2024/05/29,,,,,,
2024/05/30,,,,,,
2024/05/31,,,,,,
2024/06/01,,,,,,
2024/06/02,,,,,,
2024/06/03,,,,,,
2024/06/04,,,,,,
2024/06/05,,,,,,
2024/06/06,,,,,,
2024/06/07,,,,,,
2024/06/08,,,,,,
2024/06/09,,,,,,
2024/06/10,,,,,,
2024/06/11,,,,,,
2024/06/12,,,,,,
2024/06/13,,,,,,
2024/06/14,,,,,,
2024/06/15,,,,,,
2024/06/16,,,,,,
2024/06/17,,,,,,
2024/06/18,,,,,,
2024/06/19,,,,,,
2024/06/20,,,,,,
2024/06/21,,,,,,
2024/06/22,,,,,,
2024/06/23,,,,,,
2024/06/24,,,,,,
2024/06/25,,,,,,
2024/06/26,,,,,,
2024/06/27,,,,,,
2024/06/28,,,,,,
2024/06/29,,,,,,
2024/06/30,,,,,,
2024/07/01,,,,,,
2024/07/02,,,,,,
2024/07/03,,,,,,
2024/07/04,,,,,,
2024/07/05,,,,,,
2024/07/06,,,,,,
2024/07/07,,,,,,
2024/07/08,,,,,,
2024/07/09,,,,,,
2024/07/10,,,,,,
2024/07/11,,,,,,
2024/07/12,,,,,,
2024/07/13,,,,,,
2024/07/14,,,,,,
2024/07/15,,,,,,
2024/07/16,,,,,,
2024/07/17,,,,,,
2024/07/18,,,,,,
2024/07/19,,,,,,
2024/07/20,,,,,,
2024/07/21,,,,,,
2024/07/22,,,,,,
2024/07/23,,,,,,
2024/07/24,,,,,,
2024/07/25,,,,,,
2024/07/26,,,,,,
2024/07/27,,,,,,
2024/07/28,,,,,,
2024/07/29,,,,,,
2024/07/30,,,,,,
2024/07/31,,,,,,
2024/08/01,,,,,,
2024/08/02,,,,,,
2024/08/03,,,,,,
2024/08/04,,,,,,
2024/08/05,,,,,,
2024/08/06,,,,,,
2024/08/07,,,,,,
2024/08/08,,,,,,
2024/08/09,,,,,,
2024/08/10,,,,,,
2024/08/11,,,,,,
2024/08/12,,,,,,
2024/08/13,,,,,,
2024/08/14,,,,,,
2024/08/15,,,,,,
2024/08/16,,,,,,
2024/08/17,,,,,,
2024/08/18,,,,,,
2024/08/19,,,,,,
2024/08/20,,,,,,
2024/08/21,,,,,,
2024/08/22,,,,,,
2024/08/23,,,,,,
2024/08/24,,,,,,
2024/08/25,,,,,,
2024/08/26,,,,,,
2024/08/27,,,,,,
2024/08/28,,,,,,
2024/08/29,,,,,,
2024/08/30,,,,,,
2024/08/31,,,,,,
2024/09/01,,,,,,
2024/09/02,,,,,,
2024/09/03,,,,,,
2024/09/04,,,,,,
2024/09/05,,,,,,
2024/09/06,,,,,,
2024/09/07,,,,,,
2024/09/08,,,,,,
2024/09/09,,,,,,
2024/09/10,,,,,,
2024/09/11,,,,,,
2024/09/12,,,,,,
2024/09/13,,,,,,
2024/09/14,,,,,,
2024/09/15,,,,,,
2024/09/16,,,,,,
2024/09/17,,,,,,
2024/09/18,,,,,,
2024/09/19,,,,,,
2024/09/20,,,,,,
2024/09/21,,,,,,
2024/09/22,,,,,,
2024/09/23,,,,,,
2024/09/24,,,,,,
2024/09/25,,,,,,
2024/09/26,,,,,,
2024/09/27,,,,,,
2024/09/28,,,,,,
2024/09/29,,,,,,
2024/09/30,,,,,,
2024/10/01,,,,,,
2024/10/02,,,,,,
2024/10/03,,,,,,
2024/10/04,,,,,,
2024/10/05,,,,,,
2024/10/06,,,,,,
2024/10/07,,,,,,
2024/10/08,,,,,,
2024/10/09,,,,,,
2024/10/10,,,,,,
2024/10/11,,,,,,
2024/10/12,,,,,,
2024/10/13,,,,,,
2024/10/14,,,,,,
2024/10/15,,,,,,
2024/10/16,,,,,,
2024/10/17,,,,,,
2024/10/18,,,,,,
2024/10/19,,,,,,
2024/10/20,,,,,,
2024/10/21,,,,,,
2024/10/22,,,,,,
2024/10/23,,,,,,
2024/10/24,,,,,,
2024/10/25,,,,,,
2024/10/26,,,,,,
2024/10/27,,,,,,
2024/10/28,,,,,,
2024/10/29,,,,,,
2024/10/30,,,,,,
2024/10/31,,,,,,
2024/11/01,,,,,,
2024/11/02,,,,,,
2024/11/03,,,,,,
2024/11/04,,,,,,
2024/11/05,,,,,,
2024/11/06,,,,,,
2024/11/07,,,,,,
2024/11/08,,,,,,
2024/11/09,,,,,,
2024/11/10,,,,,,
2024/11/11,,,,,,
2024/11/12,,,,,,
2024/11/13,,,,,,
2024/11/14,,,,,,
2024/11/15,,,,,,
2024/11/16,,,,,,
2024/11/17,,,,,,
2024/11/18,,,,,,
2024/11/19,,,,,,
2024/11/20,,,,,,
2024/11/21,,,,,,
2024/11/22,,,,,,
2024/11/23,,,,,,
2024/11/24,,,,,,
2024/11/25,,,,,,
2024/11/26,,,,,,
2024/11/27,,,,,,
2024/11/28,,,,,,
2024/11/29,,,,,,
2024/11/30,,,,,,
2024/12/01,,,,,,
2024/12/02,,,,,,
2024/12/03,,,,,,
2024/12/04,,,,,,
2024/12/05,,,,,,
2024/12/06,,,,,,
2024/12/07,,,,,,
2024/12/08,,,,,,
2024/12/09,,,,,,
2024/12/10,,,,,,
2024/12/11,,,,,,
2024/12/12,,,,,,
2024/12/13,,,,,,
2024/12/14,,,,,,
2024/12/15,,,,,,
2024/12/16,,,,,,
2024/12/17,,,,,,
2024/12/18,,,,,,
2024/12/19,,,,,,
2024/12/20,,,,,,
2024/12/21,,,,,,
2024/12/22,,,,,,
2024/12/23,,,,,,
2024/12/24,,,,,,
2024/12/25,,,,,,
2024/12/26,,,,,,
2024/12/27,,,,,,
2024/12/28,,,,,,
2024/12/29,,,,,,
2024/12/30,,,,,,
2024/12/31,,,,,,
2025/01/01,,,,,,
2025/01/02,,,,,,
2025/01/03,,,,,,
2025/01/04,,,,,,
2025/01/05,,,,,,
2025/01/06,,,,,,
2025/01/07,,,,,,
2025/01/08,,,,,,
2025/01/09,,,,,,
2025/01/10,,,,,,
2025/01/11,,,,,,
2025/01/12,,,,,,
2025/01/13,,,,,,
2025/01/14,,,,,,
2025/01/15,,,,,,
2025/01/16,,,,,,
2025/01/17,,,,,,
2025/01/18,,,,,,
2025/01/19,,,,,,
2025/01/20,,,,,,
2025/01/21,,,,,,
2025/01/22,,,,,,
2025/01/23,,,,,,
2025/01/24,,,,,,
2025/01/25,,,,,,
2025/01/26,,,,,,
2025/01/27,,,,,,
2025/01/28,,,,,,
2025/01/29,,,,,,
2025/01/30,,,,,,
2025/01/31,,,,,,
2025/02/01,,,,,,
2025/02/02,,,,,,
2025/02/03,,,,,,
2025/02/04,,,,,,
2025/02/05,,,,,,
2025/02/06,,,,,,
2025/02/07,,,,,,
2025/02/08,,,,,,
2025/02/09,,,,,,
2025/02/10,,,,,,
2025/02/11,,,,,,
2025/02/12,,,,,,
2025/02/13,,,,,,
2025/02/14,,,,,,
2025/02/15,,,,,,
2025/02/16,,,,,,
2025/02/17,,,,,,
2025/02/18,,,,,,
2025/02/19,,,,,,
2025/02/20,,,,,,
2025/02/21,,,,,,
2025/02/22,,,,,,
2025/02/23,,,,,,
2025/02/24,,,,,,
2025/02/25,,,,,,
2025/02/26,,,,,,
2025/02/27,,,,,,
2025/02/28,,,,,,
2025/03/01,,,,,,
2025/03/02,,,,,,
2025/03/03,,,,,,
2025/03/04,,,,,,
2025/03/05,,,,,,
2025/03/06,,,,,,
2025/03/07,,,,,,
2025/03/08,,,,,,
2025/03/09,,,,,,
2025/03/10,,,,,,
2025/03/11,,,,,,
2025/03/12,,,,,,
2025/03/13,,,,,,
2025/03/14,,,,,,
2025/03/15,,,,,,
2025/03/16,,,,,,
2025/03/17,,,,,,
2025/03/18,,,,,,
2025/03/19,,,,,,
2025/03/20,,,,,,
2025/03/21,,,,,,
2025/03/22,,,,,,
2025/03/23,,,,,,
2025/03/24,,,,,,
2025/03/25,,,,,,
2025/03/26,,,,,,
2025/03/27,,,,,,
2025/03/28,,,,,,
2025/03/29,,,,,,
2025/03/30,,,,,,
2025/03/31,,,,,,
2025/04/01,,,,,,
2025/04/02,,,,,,
2025/04/03,,,,,,
2025/04/04,,,,,,
2025/04/05,,,,,,
2025/04/06,,,,,,
2025/04/07,,,,,,
2025/04/08,,,,,,
2025/04/09,,,,,,
2025/04/10,,,,,,
2025/04/11,,,,,,
2025/04/12,,,,,,
2025/04/13,,,,,,
2025/04/14,,,,,,
2025/04/15,,,,,,
2025/04/16,,,,,,
2025/04/17,,,,,,
2025/04/18,,,,,,
2025/04/19,,,,,,
2025/04/20,,,,,,
2025/04/21,,,,,,
2025/04/22,,,,,,
2025/04/23,,,,,,
2025/04/24,,,,,,
2025/04/25,,,,,,
2025/04/26,,,,,,
2025/04/27,,,,,,
2025/04/28,,,,,,
2025/04/29,,,,,,
2025/04/30,,,,,,
2025/05/01,,,,,,
2025/05/02,,,,,,
2025/05/03,,,,,,
2025/05/04,,,,,,
2025/05/05,,,,,,
2025/05/06,,,,,,
2025/05/07,,,,,,
2025/05/08,,,,,,
2025/05/09,,,,,,
2025/05/10,,,,,,
2025/05/11,,,,,,
2025/05/12,,,,,,
2025/05/13,,,,,,
2025/05/14,,,,,,
2025/05/15,,,,,,
2025/05/16,,,,,,
2025/05/17,,,,,,
2025/05/18,,,,,,
2025/05/19,,,,,,
2025/05/20,,,,,,
2025/05/21,,,,,,
2025/05/22,,,,,,
2025/05/23,,,,,,
2025/05/24,,,,,,
2025/05/25,,,,,,
2025/05/26,,,,,,
2025/05/27,,,,,,
2025/05/28,,,,,,
2025/05/29,,,,,,
2025/05/30,,,,,,
2025/05/31,,,,,,
2025/06/01,,,,,,
2025/06/02,,,,,,
2025/06/03,,,,,,
2025/06/04,,,,,,
2025/06/05,,,,,,
2025/06/06,,,,,,
2025/06/07,,,,,,
2025/06/08,,,,,,
2025/06/09,,,,,,
2025/06/10,,,,,,
2025/06/11,,,,,,
2025/06/12,,,,,,
2025/06/13,,,,,,
2025/06/14,,,,,,
2025/06/15,,,,,,
2025/06/16,,,,,,
2025/06/17,,,,,,
2025/06/18,,,,,,
2025/06/19,,,,,,
2025/06/20,,,,,,
2025/06/21,,,,,,
2025/06/22,,,,,,
2025/06/23,,,,,,
2025/06/24,,,,,,
2025/06/25,,,,,,
2025/06/26,,,,,,
2025/06/27,,,,,,
2025/06/28,,,,,,
2025/06/29,,,,,,
2025/06/30,,,,,,
