fecha,valor,max_abs,min_abs,completo_mediciones,completo_umbral
2019/07/23,,,,,
2019/07/24,,,,,
2019/07/25,,,,,
2019/07/26,,,,,
2019/07/27,,,,,
2019/07/28,,,,,
2019/07/29,,,,,
2019/07/30,,,,,
2019/07/31,,,,,
2019/08/01,,,,,
2019/08/02,,,,,
2019/08/03,,,,,
2019/08/04,,,,,
2019/08/05,,,,,
2019/08/06,,,,,
2019/08/07,,,,,
2019/08/08,,,,,
2019/08/09,,,,,
2019/08/10,,,,,
2019/08/11,,,,,
2019/08/12,,,,,
2019/08/13,,,,,
2019/08/14,,,,,
2019/08/15,,,,,
2019/08/16,,,,,
2019/08/17,,,,,
2019/08/18,,,,,
2019/08/19,,,,,
2019/08/20,,,,,
2019/08/21,,,,,
2019/08/22,,,,,
2019/08/23,,,,,
2019/08/24,,,,,
2019/08/25,,,,,
2019/08/26,,,,,
2019/08/27,,,,,
2019/08/28,,,,,
2019/08/29,,,,,
2019/08/30,,,,,
2019/08/31,,,,,
2019/09/01,,,,,
2019/09/02,,,,,
2019/09/03,,,,,
2019/09/04,,,,,
2019/09/05,,,,,
2019/09/06,,,,,
2019/09/07,,,,,
2019/09/08,,,,,
2019/09/09,,,,,
2019/09/10,,,,,
2019/09/11,,,,,
2019/09/12,,,,,
2019/09/13,,,,,
2019/09/14,,,,,
2019/09/15,,,,,
2019/09/16,,,,,
2019/09/17,,,,,
2019/09/18,,,,,
2019/09/19,,,,,
2019/09/20,,,,,
2019/09/21,,,,,
2019/09/22,,,,,
2019/09/23,,,,,
2019/09/24,,,,,
2019/09/25,,,,,
2019/09/26,,,,,
2019/09/27,,,,,
2019/09/28,,,,,
2019/09/29,,,,,
2019/09/30,,,,,
2019/10/01,,,,,
2019/10/02,,,,,
2019/10/03,,,,,
2019/10/04,,,,,
2019/10/05,,,,,
2019/10/06,,,,,
2019/10/07,,,,,
2019/10/08,,,,,
2019/10/09,,,,,
2019/10/10,,,,,
2019/10/11,,,,,
2019/10/12,,,,,
2019/10/13,,,,,
2019/10/14,,,,,
2019/10/15,,,,,
2019/10/16,,,,,
2019/10/17,,,,,
2019/10/18,,,,,
2019/10/19,,,,,
2019/10/20,,,,,
2019/10/21,,,,,
2019/10/22,,,,,
2019/10/23,,,,,
2019/10/24,,,,,
2019/10/25,,,,,
2019/10/26,,,,,
2019/10/27,,,,,
2019/10/28,,,,,
2019/10/29,,,,,
2019/10/30,,,,,
2019/10/31,,,,,
2019/11/01,,,,,
2019/11/02,,,,,
2019/11/03,,,,,
2019/11/04,,,,,
2019/11/05,,,,,
2019/11/06,,,,,
2019/11/07,,,,,
2019/11/08,,,,,
2019/11/09,,,,,
2019/11/10,,,,,
2019/11/11,,,,,
2019/11/12,,,,,
2019/11/13,,,,,
2019/11/14,,,,,
2019/11/15,,,,,
2019/11/16,,,,,
2019/11/17,,,,,
2019/11/18,,,,,
2019/11/19,,,,,
2019/11/20,,,,,
2019/11/21,,,,,
2019/11/22,,,,,
2019/11/23,,,,,
2019/11/24,,,,,
2019/11/25,,,,,
2019/11/26,,,,,
2019/11/27,,,,,
2019/11/28,,,,,
2019/11/29,,,,,
2019/11/30,,,,,
2019/12/01,,,,,
2019/12/02,,,,,
2019/12/03,,,,,
2019/12/04,,,,,
2019/12/05,,,,,
2019/12/06,,,,,
2019/12/07,,,,,
2019/12/08,,,,,
2019/12/09,,,,,
2019/12/10,,,,,
2019/12/11,,,,,
2019/12/12,,,,,
2019/12/13,,,,,
2019/12/14,,,,,
2019/12/15,,,,,
2019/12/16,,,,,
2019/12/17,,,,,
2019/12/18,,,,,
2019/12/19,,,,,
2019/12/20,,,,,
2019/12/21,,,,,
2019/12/22,,,,,
2019/12/23,,,,,
2019/12/24,,,,,
2019/12/25,,,,,
2019/12/26,,,,,
2019/12/27,,,,,
2019/12/28,,,,,
2019/12/29,,,,,
2019/12/30,,,,,
2019/12/31,,,,,
2020/01/01,,,,,
2020/01/02,,,,,
2020/01/03,,,,,
2020/01/04,,,,,
2020/01/05,,,,,
2020/01/06,,,,,
2020/01/07,,,,,
2020/01/08,,,,,
2020/01/09,,,,,
2020/01/10,,,,,
2020/01/11,,,,,
2020/01/12,,,,,
2020/01/13,,,,,
2020/01/14,,,,,
2020/01/15,,,,,
2020/01/16,,,,,
2020/01/17,,,,,
2020/01/18,,,,,
2020/01/19,,,,,
2020/01/20,,,,,
2020/01/21,,,,,
2020/01/22,,,,,
2020/01/23,,,,,
2020/01/24,,,,,
2020/01/25,,,,,
2020/01/26,,,,,
2020/01/27,,,,,
2020/01/28,,,,,
2020/01/29,,,,,
2020/01/30,,,,,
2020/01/31,,,,,
2020/02/01,,,,,
2020/02/02,,,,,
2020/02/03,,,,,
2020/02/04,,,,,
2020/02/05,,,,,
2020/02/06,,,,,
2020/02/07,,,,,
2020/02/08,,,,,
2020/02/09,,,,,
2020/02/10,,,,,
2020/02/11,,,,,
2020/02/12,,,,,
2020/02/13,,,,,
2020/02/14,,,,,
2020/02/15,,,,,
2020/02/16,,,,,
2020/02/17,,,,,
2020/02/18,,,,,
2020/02/19,,,,,
2020/02/20,,,,,
2020/02/21,,,,,
2020/02/22,,,,,
2020/02/23,,,,,
2020/02/24,,,,,
2020/02/25,,,,,
2020/02/26,,,,,
2020/02/27,,,,,
2020/02/28,,,,,
2020/02/29,,,,,
2020/03/01,,,,,
2020/03/02,,,,,
2020/03/03,,,,,
2020/03/04,,,,,
2020/03/05,,,,,
2020/03/06,,,,,
2020/03/07,,,,,
2020/03/08,,,,,
2020/03/09,,,,,
2020/03/10,,,,,
2020/03/11,,,,,
2020/03/12,,,,,
2020/03/13,,,,,
2020/03/14,,,,,
2020/03/15,,,,,
2020/03/16,,,,,
2020/03/17,,,,,
2020/03/18,,,,,
2020/03/19,,,,,
2020/03/20,,,,,
2020/03/21,,,,,
2020/03/22,,,,,
2020/03/23,,,,,
2020/03/24,,,,,
2020/03/25,,,,,
2020/03/26,,,,,
2020/03/27,,,,,
2020/03/28,,,,,
2020/03/29,,,,,
2020/03/30,,,,,
2020/03/31,,,,,
2020/04/01,,,,,
2020/04/02,,,,,
2020/04/03,,,,,
2020/04/04,,,,,
2020/04/05,,,,,
2020/04/06,,,,,
2020/04/07,,,,,
2020/04/08,,,,,
2020/04/09,,,,,
2020/04/10,,,,,
2020/04/11,,,,,
2020/04/12,,,,,
2020/04/13,,,,,
2020/04/14,,,,,
2020/04/15,,,,,
2020/04/16,,,,,
2020/04/17,,,,,
2020/04/18,,,,,
2020/04/19,,,,,
2020/04/20,,,,,
2020/04/21,,,,,
2020/04/22,,,,,
2020/04/23,,,,,
2020/04/24,,,,,
2020/04/25,,,,,
2020/04/26,,,,,
2020/04/27,,,,,
2020/04/28,,,,,
2020/04/29,,,,,
2020/04/30,,,,,
2020/05/01,,,,,
2020/05/02,,,,,
2020/05/03,,,,,
2020/05/04,,,,,
2020/05/05,,,,,
2020/05/06,,,,,
2020/05/07,,,,,
2020/05/08,,,,,
2020/05/09,,,,,
2020/05/10,,,,,
2020/05/11,,,,,
2020/05/12,,,,,
2020/05/13,,,,,
2020/05/14,,,,,
2020/05/15,,,,,
2020/05/16,,,,,
2020/05/17,,,,,
2020/05/18,,,,,
2020/05/19,,,,,
2020/05/20,,,,,
2020/05/21,,,,,
2020/05/22,,,,,
2020/05/23,,,,,
2020/05/24,,,,,
2020/05/25,,,,,
2020/05/26,,,,,
2020/05/27,,,,,
2020/05/28,,,,,
2020/05/29,,,,,
2020/05/30,,,,,
2020/05/31,,,,,
2020/06/01,,,,,
2020/06/02,,,,,
2020/06/03,,,,,
2020/06/04,,,,,
2020/06/05,,,,,
2020/06/06,,,,,
2020/06/07,,,,,
2020/06/08,,,,,
2020/06/09,,,,,
2020/06/10,,,,,
2020/06/11,,,,,
2020/06/12,,,,,
2020/06/13,,,,,
2020/06/14,,,,,
2020/06/15,,,,,
2020/06/16,,,,,
2020/06/17,,,,,
2020/06/18,,,,,
2020/06/19,,,,,
2020/06/20,,,,,
2020/06/21,,,,,
2020/06/22,,,,,
2020/06/23,,,,,
2020/06/24,,,,,
2020/06/25,,,,,
2020/06/26,,,,,
2020/06/27,,,,,
2020/06/28,,,,,
2020/06/29,,,,,
2020/06/30,,,,,
2020/07/01,,,,,
2020/07/02,,,,,
2020/07/03,,,,,
2020/07/04,,,,,
2020/07/05,,,,,
2020/07/06,,,,,
2020/07/07,,,,,
2020/07/08,,,,,
2020/07/09,,,,,
2020/07/10,,,,,
2020/07/11,,,,,
2020/07/12,,,,,
2020/07/13,,,,,
2020/07/14,,,,,
2020/07/15,,,,,
2020/07/16,,,,,
2020/07/17,,,,,
2020/07/18,,,,,
2020/07/19,,,,,
2020/07/20,,,,,
2020/07/21,,,,,
2020/07/22,,,,,
2020/07/23,,,,,
2020/07/24,,,,,
2020/07/25,,,,,
2020/07/26,,,,,
2020/07/27,,,,,
2020/07/28,,,,,
2020/07/29,,,,,
2020/07/30,,,,,
2020/07/31,,,,,
2020/08/01,,,,,
2020/08/02,,,,,
2020/08/03,,,,,
2020/08/04,,,,,
2020/08/05,,,,,
2020/08/06,,,,,
2020/08/07,,,,,
2020/08/08,,,,,
2020/08/09,,,,,
2020/08/10,,,,,
2020/08/11,,,,,
2020/08/12,,,,,
2020/08/13,,,,,
2020/08/14,,,,,
2020/08/15,,,,,
2020/08/16,,,,,
2020/08/17,,,,,
2020/08/18,,,,,
2020/08/19,,,,,
2020/08/20,,,,,
2020/08/21,,,,,
2020/08/22,,,,,
2020/08/23,,,,,
2020/08/24,,,,,
2020/08/25,,,,,
2020/08/26,,,,,
2020/08/27,,,,,
2020/08/28,,,,,
2020/08/29,,,,,
2020/08/30,,,,,
2020/08/31,,,,,
2020/09/01,,,,,
2020/09/02,,,,,
2020/09/03,,,,,
2020/09/04,,,,,
2020/09/05,,,,,
2020/09/06,,,,,
2020/09/07,,,,,
2020/09/08,,,,,
2020/09/09,,,,,
2020/09/10,,,,,
2020/09/11,,,,,
2020/09/12,,,,,
2020/09/13,,,,,
2020/09/14,,,,,
2020/09/15,,,,,
2020/09/16,,,,,
2020/09/17,,,,,
2020/09/18,,,,,
2020/09/19,,,,,
2020/09/20,,,,,
2020/09/21,,,,,
2020/09/22,,,,,
2020/09/23,,,,,
2020/09/24,,,,,
2020/09/25,,,,,
2020/09/26,,,,,
2020/09/27,,,,,
2020/09/28,,,,,
2020/09/29,,,,,
2020/09/30,,,,,
2020/10/01,,,,,
2020/10/02,,,,,
2020/10/03,,,,,
2020/10/04,,,,,
2020/10/05,,,,,
2020/10/06,,,,,
2020/10/07,,,,,
2020/10/08,,,,,
2020/10/09,,,,,
2020/10/10,,,,,
2020/10/11,,,,,
2020/10/12,,,,,
2020/10/13,,,,,
2020/10/14,,,,,
2020/10/15,,,,,
2020/10/16,,,,,
2020/10/17,,,,,
2020/10/18,,,,,
2020/10/19,,,,,
2020/10/20,,,,,
2020/10/21,,,,,
2020/10/22,,,,,
2020/10/23,,,,,
2020/10/24,,,,,
2020/10/25,,,,,
2020/10/26,,,,,
2020/10/27,,,,,
2020/10/28,,,,,
2020/10/29,,,,,
2020/10/30,,,,,
2020/10/31,,,,,
2020/11/01,,,,,
2020/11/02,,,,,
2020/11/03,,,,,
2020/11/04,,,,,
2020/11/05,,,,,
2020/11/06,,,,,
2020/11/07,,,,,
2020/11/08,,,,,
2020/11/09,,,,,
2020/11/10,,,,,
2020/11/11,,,,,
2020/11/12,,,,,
2020/11/13,,,,,
2020/11/14,,,,,
2020/11/15,,,,,
2020/11/16,,,,,
2020/11/17,,,,,
2020/11/18,,,,,
2020/11/19,,,,,
2020/11/20,,,,,
2020/11/21,,,,,
2020/11/22,,,,,
2020/11/23,,,,,
2020/11/24,,,,,
2020/11/25,,,,,
2020/11/26,,,,,
2020/11/27,,,,,
2020/11/28,,,,,
2020/11/29,,,,,
2020/11/30,,,,,
2020/12/01,,,,,
2020/12/02,,,,,
2020/12/03,,,,,
2020/12/04,,,,,
2020/12/05,,,,,
2020/12/06,,,,,
2020/12/07,,,,,
2020/12/08,,,,,
2020/12/09,,,,,
2020/12/10,,,,,
2020/12/11,,,,,
2020/12/12,,,,,
2020/12/13,,,,,
2020/12/14,,,,,
2020/12/15,,,,,
2020/12/16,,,,,
2020/12/17,,,,,
2020/12/18,,,,,
2020/12/19,,,,,
2020/12/20,,,,,
2020/12/21,,,,,
2020/12/22,,,,,
2020/12/23,,,,,
2020/12/24,,,,,
2020/12/25,,,,,
2020/12/26,,,,,
2020/12/27,,,,,
2020/12/28,,,,,
2020/12/29,,,,,
2020/12/30,,,,,
2020/12/31,,,,,
2021/01/01,,,,,
2021/01/02,,,,,
2021/01/03,,,,,
2021/01/04,,,,,
2021/01/05,,,,,
2021/01/06,,,,,
2021/01/07,,,,,
2021/01/08,,,,,
2021/01/09,,,,,
2021/01/10,,,,,
2021/01/11,,,,,
2021/01/12,,,,,
2021/01/13,,,,,
2021/01/14,,,,,
2021/01/15,,,,,
2021/01/16,,,,,
2021/01/17,,,,,
2021/01/18,,,,,
2021/01/19,,,,,
2021/01/20,,,,,
2021/01/21,,,,,
2021/01/22,,,,,
2021/01/23,,,,,
2021/01/24,,,,,
2021/01/25,,,,,
2021/01/26,,,,,
2021/01/27,,,,,
2021/01/28,,,,,
2021/01/29,,,,,
2021/01/30,,,,,
2021/01/31,,,,,
2021/02/01,,,,,
2021/02/02,,,,,
2021/02/03,,,,,
2021/02/04,,,,,
2021/02/05,,,,,
2021/02/06,,,,,
2021/02/07,,,,,
2021/02/08,,,,,
2021/02/09,,,,,
2021/02/10,,,,,
2021/02/11,,,,,
2021/02/12,,,,,
2021/02/13,,,,,
2021/02/14,,,,,
2021/02/15,,,,,
2021/02/16,,,,,
2021/02/17,,,,,
2021/02/18,,,,,
2021/02/19,,,,,
2021/02/20,,,,,
2021/02/21,,,,,
2021/02/22,,,,,
2021/02/23,,,,,
2021/02/24,,,,,
2021/02/25,,,,,
2021/02/26,,,,,
2021/02/27,,,,,
2021/02/28,,,,,
2021/03/01,,,,,
2021/03/02,,,,,
2021/03/03,,,,,
2021/03/04,,,,,
2021/03/05,,,,,
2021/03/06,,,,,
2021/03/07,,,,,
2021/03/08,,,,,
2021/03/09,,,,,
2021/03/10,,,,,
2021/03/11,,,,,
2021/03/12,,,,,
2021/03/13,,,,,
2021/03/14,,,,,
2021/03/15,,,,,
2021/03/16,,,,,
2021/03/17,,,,,
2021/03/18,,,,,
2021/03/19,,,,,
2021/03/20,,,,,
2021/03/21,,,,,
2021/03/22,,,,,
2021/03/23,,,,,
2021/03/24,,,,,
2021/03/25,,,,,
2021/03/26,,,,,
2021/03/27,,,,,
2021/03/28,,,,,
2021/03/29,,,,,
2021/03/30,,,,,
2021/03/31,,,,,
2021/04/01,,,,,
2021/04/02,,,,,
2021/04/03,,,,,
2021/04/04,,,,,
2021/04/05,,,,,
2021/04/06,,,,,
2021/04/07,,,,,
2021/04/08,,,,,
2021/04/09,,,,,
2021/04/10,,,,,
2021/04/11,,,,,
2021/04/12,,,,,
2021/04/13,,,,,
2021/04/14,,,,,
2021/04/15,,,,,
2021/04/16,,,,,
2021/04/17,,,,,
2021/04/18,,,,,
2021/04/19,,,,,
2021/04/20,,,,,
2021/04/21,,,,,
2021/04/22,,,,,
2021/04/23,,,,,
2021/04/24,,,,,
2021/04/25,,,,,
2021/04/26,,,,,
2021/04/27,,,,,
2021/04/28,,,,,
2021/04/29,,,,,
2021/04/30,,,,,
2021/05/01,,,,,
2021/05/02,,,,,
2021/05/03,,,,,
2021/05/04,,,,,
2021/05/05,,,,,
2021/05/06,,,,,
2021/05/07,,,,,
2021/05/08,,,,,
2021/05/09,,,,,
2021/05/10,,,,,
2021/05/11,,,,,
2021/05/12,,,,,
2021/05/13,,,,,
2021/05/14,,,,,
2021/05/15,,,,,
2021/05/16,,,,,
2021/05/17,,,,,
2021/05/18,,,,,
2021/05/19,,,,,
2021/05/20,,,,,
2021/05/21,,,,,
2021/05/22,,,,,
2021/05/23,,,,,
2021/05/24,,,,,
2021/05/25,,,,,
2021/05/26,,,,,
2021/05/27,,,,,
2021/05/28,,,,,
2021/05/29,,,,,
2021/05/30,,,,,
2021/05/31,,,,,
2021/06/01,,,,,
2021/06/02,,,,,
2021/06/03,,,,,
2021/06/04,,,,,
2021/06/05,,,,,
2021/06/06,,,,,
2021/06/07,,,,,
2021/06/08,,,,,
2021/06/09,,,,,
2021/06/10,,,,,
2021/06/11,,,,,
2021/06/12,,,,,
2021/06/13,,,,,
2021/06/14,,,,,
2021/06/15,,,,,
2021/06/16,,,,,
2021/06/17,,,,,
2021/06/18,,,,,
2021/06/19,,,,,
2021/06/20,,,,,
2021/06/21,,,,,
2021/06/22,,,,,
2021/06/23,,,,,
2021/06/24,,,,,
2021/06/25,,,,,
2021/06/26,,,,,
2021/06/27,,,,,
2021/06/28,,,,,
2021/06/29,,,,,
2021/06/30,,,,,
2021/07/01,,,,,
2021/07/02,,,,,
2021/07/03,,,,,
2021/07/04,,,,,
2021/07/05,,,,,
2021/07/06,,,,,
2021/07/07,,,,,
2021/07/08,,,,,
2021/07/09,,,,,
2021/07/10,,,,,
2021/07/11,,,,,
2021/07/12,,,,,
2021/07/13,,,,,
2021/07/14,,,,,
2021/07/15,,,,,
2021/07/16,,,,,
2021/07/17,,,,,
2021/07/18,,,,,
2021/07/19,,,,,
2021/07/20,,,,,
2021/07/21,,,,,
2021/07/22,,,,,
2021/07/23,,,,,
2021/07/24,,,,,
2021/07/25,,,,,
2021/07/26,,,,,
2021/07/27,,,,,
2021/07/28,,,,,
2021/07/29,,,,,
2021/07/30,,,,,
2021/07/31,,,,,
2021/08/01,,,,,
2021/08/02,,,,,
2021/08/03,,,,,
2021/08/04,,,,,
2021/08/05,,,,,
2021/08/06,,,,,
2021/08/07,,,,,
2021/08/08,,,,,
2021/08/09,,,,,
2021/08/10,,,,,
2021/08/11,,,,,
2021/08/12,,,,,
2021/08/13,,,,,
2021/08/14,,,,,
2021/08/15,,,,,
2021/08/16,,,,,
2021/08/17,,,,,
2021/08/18,,,,,
2021/08/19,,,,,
2021/08/20,,,,,
2021/08/21,,,,,
2021/08/22,,,,,
2021/08/23,,,,,
2021/08/24,,,,,
2021/08/25,,,,,
2021/08/26,,,,,
2021/08/27,,,,,
2021/08/28,,,,,
2021/08/29,,,,,
2021/08/30,,,,,
2021/08/31,,,,,
2021/09/01,,,,,
2021/09/02,,,,,
2021/09/03,,,,,
2021/09/04,,,,,
2021/09/05,,,,,
2021/09/06,,,,,
2021/09/07,,,,,
2021/09/08,,,,,
2021/09/09,,,,,
2021/09/10,,,,,
2021/09/11,,,,,
2021/09/12,,,,,
2021/09/13,,,,,
2021/09/14,,,,,
2021/09/15,,,,,
2021/09/16,,,,,
2021/09/17,,,,,
2021/09/18,,,,,
2021/09/19,,,,,
2021/09/20,,,,,
2021/09/21,,,,,
2021/09/22,,,,,
2021/09/23,,,,,
2021/09/24,,,,,
2021/09/25,,,,,
2021/09/26,,,,,
2021/09/27,,,,,
2021/09/28,,,,,
2021/09/29,,,,,
2021/09/30,,,,,
2021/10/01,,,,,
2021/10/02,,,,,
2021/10/03,,,,,
2021/10/04,,,,,
2021/10/05,,,,,
2021/10/06,,,,,
2021/10/07,,,,,
2021/10/08,,,,,
2021/10/09,,,,,
2021/10/10,,,,,
2021/10/11,,,,,
2021/10/12,,,,,
2021/10/13,,,,,
2021/10/14,,,,,
2021/10/15,,,,,
2021/10/16,,,,,
2021/10/17,,,,,
2021/10/18,,,,,
2021/10/19,,,,,
2021/10/20,,,,,
2021/10/21,,,,,
2021/10/22,,,,,
2021/10/23,,,,,
2021/10/24,,,,,
2021/10/25,,,,,
2021/10/26,,,,,
2021/10/27,,,,,
2021/10/28,,,,,
2021/10/29,,,,,
2021/10/30,,,,,
2021/10/31,,,,,
2021/11/01,,,,,
2021/11/02,,,,,
2021/11/03,,,,,
2021/11/04,,,,,
2021/11/05,,,,,
2021/11/06,,,,,
2021/11/07,,,,,
2021/11/08,,,,,
2021/11/09,,,,,
2021/11/10,,,,,
2021/11/11,,,,,
2021/11/12,,,,,
2021/11/13,,,,,
2021/11/14,,,,,
2021/11/15,,,,,
2021/11/16,,,,,
2021/11/17,,,,,
2021/11/18,,,,,
2021/11/19,,,,,
2021/11/20,,,,,
2021/11/21,,,,,
2021/11/22,,,,,
2021/11/23,,,,,
2021/11/24,,,,,
2021/11/25,,,,,
2021/11/26,,,,,
2021/11/27,,,,,
2021/11/28,,,,,
2021/11/29,,,,,
2021/11/30,,,,,
2021/12/01,,,,,
2021/12/02,,,,,
2021/12/03,,,,,
2021/12/04,,,,,
2021/12/05,,,,,
2021/12/06,,,,,
2021/12/07,,,,,
2021/12/08,,,,,
2021/12/09,,,,,
2021/12/10,,,,,
2021/12/11,,,,,
2021/12/12,,,,,
2021/12/13,,,,,
2021/12/14,,,,,
2021/12/15,,,,,
2021/12/16,,,,,
2021/12/17,,,,,
2021/12/18,,,,,
2021/12/19,,,,,
2021/12/20,,,,,
2021/12/21,,,,,
2021/12/22,,,,,
2021/12/23,,,,,
2021/12/24,,,,,
2021/12/25,,,,,
2021/12/26,,,,,
2021/12/27,,,,,
2021/12/28,,,,,
2021/12/29,,,,,
2021/12/30,,,,,
2021/12/31,,,,,
2022/01/01,,,,,
2022/01/02,,,,,
2022/01/03,,,,,
2022/01/04,,,,,
2022/01/05,,,,,
2022/01/06,,,,,
2022/01/07,,,,,
2022/01/08,,,,,
2022/01/09,,,,,
2022/01/10,,,,,
2022/01/11,,,,,
2022/01/12,,,,,
2022/01/13,,,,,
2022/01/14,,,,,
2022/01/15,,,,,
2022/01/16,,,,,
2022/01/17,,,,,
2022/01/18,,,,,
2022/01/19,,,,,
2022/01/20,,,,,
2022/01/21,,,,,
2022/01/22,,,,,
2022/01/23,,,,,
2022/01/24,,,,,
2022/01/25,,,,,
2022/01/26,,,,,
2022/01/27,,,,,
2022/01/28,,,,,
2022/01/29,,,,,
2022/01/30,,,,,
2022/01/31,,,,,
2022/02/01,,,,,
2022/02/02,,,,,
2022/02/03,,,,,
2022/02/04,,,,,
2022/02/05,,,,,
2022/02/06,,,,,
2022/02/07,,,,,
2022/02/08,,,,,
2022/02/09,,,,,
2022/02/10,,,,,
2022/02/11,,,,,
2022/02/12,,,,,
2022/02/13,,,,,
2022/02/14,,,,,
2022/02/15,,,,,
2022/02/16,,,,,
2022/02/17,,,,,
2022/02/18,,,,,
2022/02/19,,,,,
2022/02/20,,,,,
2022/02/21,,,,,
2022/02/22,,,,,
2022/02/23,,,,,
2022/02/24,,,,,
2022/02/25,,,,,
2022/02/26,,,,,
2022/02/27,,,,,
2022/02/28,,,,,
2022/03/01,,,,,
2022/03/02,,,,,
2022/03/03,,,,,
2022/03/04,,,,,
2022/03/05,,,,,
2022/03/06,,,,,
2022/03/07,,,,,
2022/03/08,,,,,
2022/03/09,,,,,
2022/03/10,,,,,
2022/03/11,,,,,
2022/03/12,,,,,
2022/03/13,,,,,
2022/03/14,,,,,
2022/03/15,,,,,
2022/03/16,,,,,
2022/03/17,,,,,
2022/03/18,,,,,
2022/03/19,,,,,
2022/03/20,,,,,
2022/03/21,,,,,
2022/03/22,,,,,
2022/03/23,,,,,
2022/03/24,,,,,
2022/03/25,,,,,
2022/03/26,,,,,
2022/03/27,,,,,
2022/03/28,,,,,
2022/03/29,,,,,
2022/03/30,,,,,
2022/03/31,,,,,
2022/04/01,,,,,
2022/04/02,,,,,
2022/04/03,,,,,
2022/04/04,,,,,
2022/04/05,,,,,
2022/04/06,,,,,
2022/04/07,,,,,
2022/04/08,,,,,
2022/04/09,,,,,
2022/04/10,,,,,
2022/04/11,,,,,
2022/04/12,,,,,
2022/04/13,,,,,
2022/04/14,,,,,
2022/04/15,,,,,
2022/04/16,,,,,
2022/04/17,,,,,
2022/04/18,,,,,
2022/04/19,,,,,
2022/04/20,,,,,
2022/04/21,,,,,
2022/04/22,,,,,
2022/04/23,,,,,
2022/04/24,,,,,
2022/04/25,,,,,
2022/04/26,,,,,
2022/04/27,,,,,
2022/04/28,,,,,
2022/04/29,,,,,
2022/04/30,,,,,
2022/05/01,,,,,
2022/05/02,,,,,
2022/05/03,,,,,
2022/05/04,,,,,
2022/05/05,,,,,
2022/05/06,,,,,
2022/05/07,,,,,
2022/05/08,,,,,
2022/05/09,,,,,
2022/05/10,,,,,
2022/05/11,,,,,
2022/05/12,,,,,
2022/05/13,,,,,
2022/05/14,,,,,
2022/05/15,,,,,
2022/05/16,,,,,
2022/05/17,,,,,
2022/05/18,,,,,
2022/05/19,,,,,
2022/05/20,,,,,
2022/05/21,,,,,
2022/05/22,,,,,
2022/05/23,,,,,
2022/05/24,,,,,
2022/05/25,,,,,
2022/05/26,,,,,
2022/05/27,,,,,
2022/05/28,,,,,
2022/05/29,,,,,
2022/05/30,,,,,
2022/05/31,,,,,
2022/06/01,,,,,
2022/06/02,,,,,
2022/06/03,,,,,
2022/06/04,,,,,
2022/06/05,,,,,
2022/06/06,,,,,
2022/06/07,,,,,
2022/06/08,,,,,
2022/06/09,,,,,
2022/06/10,,,,,
2022/06/11,,,,,
2022/06/12,,,,,
2022/06/13,,,,,
2022/06/14,,,,,
2022/06/15,,,,,
2022/06/16,,,,,
2022/06/17,,,,,
2022/06/18,,,,,
2022/06/19,,,,,
2022/06/20,,,,,
2022/06/21,,,,,
2022/06/22,,,,,
2022/06/23,,,,,
2022/06/24,,,,,
2022/06/25,,,,,
2022/06/26,,,,,
2022/06/27,,,,,
2022/06/28,,,,,
2022/06/29,,,,,
2022/06/30,,,,,
2022/07/01,,,,,
2022/07/02,,,,,
2022/07/03,,,,,
2022/07/04,,,,,
2022/07/05,,,,,
2022/07/06,,,,,
2022/07/07,,,,,
2022/07/08,,,,,
2022/07/09,,,,,
2022/07/10,,,,,
2022/07/11,,,,,
2022/07/12,,,,,
2022/07/13,,,,,
2022/07/14,,,,,
2022/07/15,,,,,
2022/07/16,,,,,
2022/07/17,,,,,
2022/07/18,,,,,
2022/07/19,,,,,
2022/07/20,,,,,
2022/07/21,,,,,
2022/07/22,,,,,
2022/07/23,,,,,
2022/07/24,,,,,
2022/07/25,,,,,
2022/07/26,,,,,
2022/07/27,,,,,
2022/07/28,,,,,
2022/07/29,,,,,
2022/07/30,,,,,
2022/07/31,,,,,
2022/08/01,,,,,
2022/08/02,,,,,
2022/08/03,,,,,
2022/08/04,,,,,
2022/08/05,,,,,
2022/08/06,,,,,
2022/08/07,,,,,
2022/08/08,,,,,
2022/08/09,,,,,
2022/08/10,,,,,
2022/08/11,,,,,
2022/08/12,,,,,
2022/08/13,,,,,
2022/08/14,,,,,
2022/08/15,,,,,
2022/08/16,,,,,
2022/08/17,,,,,
2022/08/18,,,,,
2022/08/19,,,,,
2022/08/20,,,,,
2022/08/21,,,,,
2022/08/22,,,,,
2022/08/23,,,,,
2022/08/24,,,,,
2022/08/25,,,,,
2022/08/26,,,,,
2022/08/27,,,,,
2022/08/28,,,,,
2022/08/29,,,,,
2022/08/30,,,,,
2022/08/31,,,,,
2022/09/01,,,,,
2022/09/02,,,,,
2022/09/03,,,,,
2022/09/04,,,,,
2022/09/05,,,,,
2022/09/06,,,,,
2022/09/07,,,,,
2022/09/08,,,,,
2022/09/09,,,,,
2022/09/10,,,,,
2022/09/11,,,,,
2022/09/12,,,,,
2022/09/13,,,,,
2022/09/14,,,,,
2022/09/15,,,,,
2022/09/16,,,,,
2022/09/17,,,,,
2022/09/18,,,,,
2022/09/19,,,,,
2022/09/20,,,,,
2022/09/21,,,,,
2022/09/22,,,,,
2022/09/23,,,,,
2022/09/24,,,,,
2022/09/25,,,,,
2022/09/26,,,,,
2022/09/27,,,,,
2022/09/28,,,,,
2022/09/29,,,,,
2022/09/30,,,,,
2022/10/01,,,,,
2022/10/02,,,,,
2022/10/03,,,,,
2022/10/04,,,,,
2022/10/05,,,,,
2022/10/06,,,,,
2022/10/07,,,,,
2022/10/08,,,,,
2022/10/09,,,,,
2022/10/10,,,,,
2022/10/11,,,,,
2022/10/12,,,,,
2022/10/13,,,,,
2022/10/14,,,,,
2022/10/15,,,,,
2022/10/16,,,,,
2022/10/17,,,,,
2022/10/18,,,,,
2022/10/19,,,,,
2022/10/20,,,,,
2022/10/21,,,,,
2022/10/22,,,,,
2022/10/23,,,,,
2022/10/24,,,,,
2022/10/25,,,,,
2022/10/26,,,,,
2022/10/27,,,,,
2022/10/28,,,,,
2022/10/29,,,,,
2022/10/30,,,,,
2022/10/31,,,,,
2022/11/01,,,,,
2022/11/02,,,,,
2022/11/03,,,,,
2022/11/04,,,,,
2022/11/05,,,,,
2022/11/06,,,,,
2022/11/07,,,,,
2022/11/08,,,,,
2022/11/09,,,,,
2022/11/10,,,,,
2022/11/11,,,,,
2022/11/12,,,,,
2022/11/13,,,,,
2022/11/14,,,,,
2022/11/15,,,,,
2022/11/16,,,,,
2022/11/17,,,,,
2022/11/18,,,,,
2022/11/19,,,,,
2022/11/20,,,,,
2022/11/21,,,,,
2022/11/22,,,,,
2022/11/23,,,,,
2022/11/24,,,,0.0,0.0
2022/11/25,,,,0.0,0.0
2022/11/26,,,,,
2022/11/27,,,,,
2022/11/28,,,,,
2022/11/29,,,,,
2022/11/30,,,,0.0,0.0
2022/12/01,,,,0.0,0.0
2022/12/02,,,,0.0,0.0
2022/12/03,,,,0.0,0.0
2022/12/04,,,,0.0,0.0
2022/12/05,,,,0.0,0.0
2022/12/06,,,,0.0,0.0
2022/12/07,,,,0.0,0.0
2022/12/08,,,,0.0,0.0
2022/12/09,,,,0.0,0.0
2022/12/10,,,,,
2022/12/11,,,,,
2022/12/12,,,,,
2022/12/13,,,,,
2022/12/14,,,,,
2022/12/15,,,,,
2022/12/16,,,,0.0,0.0
2022/12/17,13.313,19.40,10.38,100.0,100.0
2022/12/18,12.991,19.79,9.24,100.0,100.0
2022/12/19,14.560,22.00,10.70,100.0,100.0
2022/12/20,14.411,23.14,10.08,100.0,100.0
2022/12/21,14.089,22.47,9.57,100.0,100.0
2022/12/22,14.550,23.46,9.16,100.0,100.0
2022/12/23,14.043,22.20,8.92,100.0,100.0
2022/12/24,14.127,20.46,9.92,100.0,100.0
2022/12/25,14.272,20.15,11.00,100.0,100.0
2022/12/26,12.751,17.47,11.02,100.0,100.0
2022/12/27,13.678,19.36,10.47,100.0,100.0
2022/12/28,14.040,19.67,9.87,100.0,100.0
2022/12/29,14.888,21.41,10.16,100.0,100.0
2022/12/30,14.083,19.96,9.60,100.0,100.0
2022/12/31,11.929,17.10,9.75,100.0,100.0
2023/01/01,12.773,18.51,9.50,100.0,100.0
2023/01/02,11.216,14.86,9.46,100.0,100.0
2023/01/03,12.160,16.84,9.40,100.0,100.0
2023/01/04,13.213,19.93,8.01,100.0,100.0
2023/01/05,13.769,19.96,11.00,100.0,100.0
2023/01/06,13.496,19.79,10.47,100.0,100.0
2023/01/07,13.483,18.59,10.41,100.0,100.0
2023/01/08,13.433,18.41,10.64,100.0,100.0
2023/01/09,12.260,17.39,10.51,100.0,100.0
2023/01/10,11.825,16.13,9.58,100.0,100.0
2023/01/11,11.448,16.88,9.23,100.0,100.0
2023/01/12,12.604,20.26,9.84,100.0,100.0
2023/01/13,13.089,20.65,9.36,100.0,100.0
2023/01/14,12.090,20.53,10.02,100.0,100.0
2023/01/15,12.616,17.51,8.83,100.0,100.0
2023/01/16,13.838,19.84,10.44,100.0,100.0
2023/01/17,13.414,19.32,10.66,100.0,100.0
2023/01/18,12.966,18.98,10.05,100.0,100.0
2023/01/19,12.083,17.07,9.35,100.0,100.0
2023/01/20,12.420,18.43,9.23,100.0,100.0
2023/01/21,12.942,18.38,9.91,100.0,100.0
2023/01/22,13.585,19.72,10.13,100.0,100.0
2023/01/23,14.183,20.50,9.07,100.0,100.0
2023/01/24,14.344,21.02,10.11,100.0,100.0
2023/01/25,14.159,20.10,10.06,100.0,100.0
2023/01/26,13.863,19.52,9.79,100.0,100.0
2023/01/27,13.988,19.78,9.64,100.0,100.0
2023/01/28,14.501,21.44,9.64,100.0,100.0
2023/01/29,14.316,20.71,9.23,100.0,100.0
2023/01/30,14.005,20.21,10.87,100.0,100.0
2023/01/31,13.639,19.32,11.15,100.0,100.0
2023/02/01,13.016,16.65,10.68,100.0,100.0
2023/02/02,14.263,20.85,10.84,100.0,100.0
2023/02/03,13.880,20.20,9.53,100.0,100.0
2023/02/04,14.066,21.00,9.55,100.0,100.0
2023/02/05,14.212,21.08,10.70,100.0,100.0
2023/02/06,14.692,21.14,10.94,100.0,100.0
2023/02/07,15.308,21.90,10.88,100.0,100.0
2023/02/08,14.054,21.51,10.17,100.0,100.0
2023/02/09,13.990,22.02,9.47,100.0,100.0
2023/02/10,13.733,19.43,10.39,100.0,100.0
2023/02/11,14.279,20.07,10.79,100.0,100.0
2023/02/12,14.153,19.66,10.67,100.0,100.0
2023/02/13,14.136,20.27,10.78,100.0,100.0
2023/02/14,14.113,19.92,11.13,100.0,100.0
2023/02/15,14.063,19.84,11.31,100.0,100.0
2023/02/16,14.375,19.89,10.71,100.0,100.0
2023/02/17,14.226,19.28,11.84,100.0,100.0
2023/02/18,14.000,18.80,10.99,100.0,100.0
2023/02/19,14.849,21.05,10.91,100.0,100.0
2023/02/20,14.141,19.32,10.14,100.0,100.0
2023/02/21,12.624,16.85,9.86,100.0,100.0
2023/02/22,12.317,16.02,9.85,100.0,100.0
2023/02/23,13.690,19.66,10.88,100.0,100.0
2023/02/24,14.171,21.46,9.42,100.0,100.0
2023/02/25,14.234,19.56,10.18,100.0,100.0
2023/02/26,14.712,20.56,10.35,100.0,100.0
2023/02/27,15.228,22.22,11.02,100.0,100.0
2023/02/28,15.458,21.06,11.20,100.0,100.0
2023/03/01,15.144,21.75,10.41,100.0,100.0
2023/03/02,14.794,20.76,10.37,100.0,100.0
2023/03/03,15.081,21.98,11.48,100.0,100.0
2023/03/04,14.755,20.30,11.49,100.0,100.0
2023/03/05,14.240,19.87,11.56,100.0,100.0
2023/03/06,13.611,18.70,11.62,100.0,100.0
2023/03/07,13.030,17.37,11.10,100.0,100.0
2023/03/08,12.819,18.51,10.63,100.0,100.0
2023/03/09,11.349,14.63,9.66,100.0,100.0
2023/03/10,12.313,18.68,9.33,100.0,100.0
2023/03/11,10.933,12.77,10.11,100.0,100.0
2023/03/12,12.036,16.77,9.58,100.0,100.0
2023/03/13,12.392,16.97,10.20,100.0,100.0
2023/03/14,11.232,13.69,9.87,100.0,100.0
2023/03/15,11.651,16.29,9.24,100.0,100.0
2023/03/16,12.067,17.60,9.30,100.0,100.0
2023/03/17,13.203,18.76,10.19,100.0,100.0
2023/03/18,12.664,18.81,9.76,100.0,100.0
2023/03/19,12.429,15.36,9.55,100.0,100.0
2023/03/20,12.856,19.09,8.34,100.0,100.0
2023/03/21,13.494,19.77,9.18,100.0,100.0
2023/03/22,13.336,18.77,9.06,100.0,100.0
2023/03/23,13.253,19.02,11.12,100.0,100.0
2023/03/24,12.472,16.58,10.60,100.0,100.0
2023/03/25,13.483,19.23,10.31,100.0,100.0
2023/03/26,14.249,19.82,11.32,100.0,100.0
2023/03/27,13.542,18.93,11.13,100.0,100.0
2023/03/28,13.529,20.37,9.62,100.0,100.0
2023/03/29,13.221,18.71,10.48,100.0,100.0
2023/03/30,14.383,20.77,10.50,100.0,100.0
2023/03/31,11.957,14.83,10.92,100.0,100.0
2023/04/01,14.042,19.93,10.09,100.0,100.0
2023/04/02,14.357,19.89,10.83,100.0,100.0
2023/04/03,14.151,20.93,11.00,100.0,100.0
2023/04/04,13.806,19.76,10.53,100.0,100.0
2023/04/05,13.907,19.00,10.23,100.0,100.0
2023/04/06,12.295,17.21,9.34,100.0,100.0
2023/04/07,12.586,18.98,10.22,100.0,100.0
2023/04/08,12.977,19.71,10.75,100.0,100.0
2023/04/09,14.830,21.35,10.02,100.0,100.0
2023/04/10,14.567,20.16,10.82,100.0,100.0
2023/04/11,14.729,21.36,10.52,100.0,100.0
2023/04/12,14.551,20.30,11.04,100.0,100.0
2023/04/13,14.746,20.48,11.51,100.0,100.0
2023/04/14,14.483,20.90,10.27,100.0,100.0
2023/04/15,14.278,21.13,11.04,100.0,100.0
2023/04/16,13.279,18.39,11.33,100.0,100.0
2023/04/17,12.828,17.51,10.35,100.0,100.0
2023/04/18,13.962,19.37,10.75,100.0,100.0
2023/04/19,14.868,20.84,11.98,100.0,100.0
2023/04/20,14.339,19.97,11.67,100.0,100.0
2023/04/21,13.204,18.83,10.32,100.0,100.0
2023/04/22,12.622,18.68,10.05,100.0,100.0
2023/04/23,11.103,13.51,9.99,100.0,100.0
2023/04/24,13.857,20.04,9.69,100.0,100.0
2023/04/25,14.313,20.78,11.41,100.0,100.0
2023/04/26,13.540,19.71,10.59,100.0,100.0
2023/04/27,12.788,19.97,9.94,100.0,100.0
2023/04/28,14.081,20.67,10.80,100.0,100.0
2023/04/29,14.031,19.15,10.20,100.0,100.0
2023/04/30,13.913,19.09,10.54,100.0,100.0
2023/05/01,14.440,20.96,11.13,100.0,100.0
2023/05/02,15.899,22.03,10.53,100.0,100.0
2023/05/03,16.168,22.62,11.99,100.0,100.0
2023/05/04,16.214,21.31,11.67,100.0,100.0
2023/05/05,16.208,23.05,12.00,100.0,100.0
2023/05/06,15.481,20.57,11.15,100.0,100.0
2023/05/07,16.438,23.67,11.71,100.0,100.0
2023/05/08,16.636,23.92,11.04,100.0,100.0
2023/05/09,15.721,20.28,12.45,100.0,100.0
2023/05/10,14.270,21.20,11.15,100.0,100.0
2023/05/11,14.698,21.34,11.33,100.0,100.0
2023/05/12,15.324,21.00,11.24,100.0,100.0
2023/05/13,15.981,23.16,11.71,100.0,100.0
2023/05/14,15.884,20.78,12.21,100.0,100.0
2023/05/15,14.881,21.76,10.51,100.0,100.0
2023/05/16,14.043,20.07,10.11,100.0,100.0
2023/05/17,16.070,24.06,11.22,99.3,100.0
2023/05/18,15.822,23.77,10.35,100.0,100.0
2023/05/19,14.940,20.79,11.35,100.0,100.0
2023/05/20,13.890,18.28,12.01,100.0,100.0
2023/05/21,14.281,19.47,11.93,100.0,100.0
2023/05/22,14.963,20.33,11.30,100.0,100.0
2023/05/23,13.813,17.08,11.44,100.0,100.0
2023/05/24,14.739,20.97,10.64,100.0,100.0
2023/05/25,14.197,21.46,10.78,100.0,100.0
2023/05/26,14.705,19.36,11.59,100.0,100.0
2023/05/27,14.795,20.30,11.36,100.0,100.0
2023/05/28,14.040,20.59,11.30,100.0,100.0
2023/05/29,14.586,21.11,10.83,100.0,100.0
2023/05/30,14.554,19.75,11.40,100.0,100.0
2023/05/31,14.475,19.34,11.40,100.0,100.0
2023/06/01,14.169,19.86,11.64,100.0,100.0
2023/06/02,14.281,19.44,11.01,100.0,100.0
2023/06/03,15.100,23.64,10.15,100.0,100.0
2023/06/04,14.520,21.36,11.16,100.0,100.0
2023/06/05,14.809,21.25,10.31,100.0,100.0
2023/06/06,13.988,20.22,9.95,100.0,100.0
2023/06/07,14.274,20.18,10.71,100.0,100.0
2023/06/08,13.424,18.50,10.27,100.0,100.0
2023/06/09,14.254,20.94,11.00,100.0,100.0
2023/06/10,13.817,19.16,10.58,100.0,100.0
2023/06/11,15.025,21.88,10.65,100.0,100.0
2023/06/12,16.205,23.91,11.19,100.0,100.0
2023/06/13,16.207,23.84,10.31,100.0,100.0
2023/06/14,15.242,21.29,10.52,100.0,100.0
2023/06/15,15.381,22.94,10.89,100.0,100.0
2023/06/16,14.503,20.29,11.02,100.0,100.0
2023/06/17,14.740,21.12,9.60,100.0,100.0
2023/06/18,16.249,23.51,10.71,100.0,100.0
2023/06/19,16.441,24.89,9.86,100.0,100.0
2023/06/20,16.806,24.42,11.59,100.0,100.0
2023/06/21,16.765,23.39,12.39,100.0,100.0
2023/06/22,14.910,22.36,9.92,100.0,100.0
2023/06/23,14.265,20.33,11.02,100.0,100.0
2023/06/24,14.203,21.43,10.01,100.0,100.0
2023/06/25,13.595,19.53,10.95,100.0,100.0
2023/06/26,14.115,22.17,10.62,100.0,100.0
2023/06/27,14.423,22.38,9.77,100.0,100.0
2023/06/28,15.320,22.10,8.91,100.0,100.0
2023/06/29,17.298,24.13,13.23,100.0,100.0
2023/06/30,16.206,21.15,12.05,100.0,100.0
2023/07/01,15.319,22.27,10.59,100.0,100.0
2023/07/02,13.537,20.12,8.99,100.0,100.0
2023/07/03,14.090,19.76,10.52,100.0,100.0
2023/07/04,15.471,23.30,10.74,100.0,100.0
2023/07/05,14.656,21.40,10.58,100.0,100.0
2023/07/06,14.195,20.82,11.39,100.0,100.0
2023/07/07,13.792,20.05,10.62,100.0,100.0
2023/07/08,13.465,19.51,9.60,100.0,100.0
2023/07/09,14.647,20.79,10.82,100.0,100.0
2023/07/10,15.157,21.61,10.44,100.0,100.0
2023/07/11,14.933,21.09,10.81,100.0,100.0
2023/07/12,14.850,20.77,9.78,100.0,100.0
2023/07/13,15.679,22.15,10.50,100.0,100.0
2023/07/14,14.951,21.17,10.97,100.0,100.0
2023/07/15,14.289,21.29,9.91,100.0,100.0
2023/07/16,15.160,21.50,10.19,100.0,100.0
2023/07/17,14.513,20.63,9.91,100.0,100.0
2023/07/18,15.798,20.95,11.69,100.0,100.0
2023/07/19,16.446,22.23,10.51,100.0,100.0
2023/07/20,17.487,23.18,13.91,100.0,100.0
2023/07/21,16.768,22.60,12.41,100.0,100.0
2023/07/22,16.138,22.63,11.80,100.0,100.0
2023/07/23,15.623,22.46,10.56,100.0,100.0
2023/07/24,16.158,24.49,11.33,100.0,100.0
2023/07/25,14.848,22.00,10.98,100.0,100.0
2023/07/26,14.917,22.08,11.02,100.0,100.0
2023/07/27,15.559,24.07,10.95,100.0,100.0
2023/07/28,16.153,23.10,11.43,100.0,100.0
2023/07/29,16.447,22.85,11.90,100.0,100.0
2023/07/30,15.737,22.77,11.54,100.0,100.0
2023/07/31,15.374,21.30,10.06,100.0,100.0
2023/08/01,15.801,21.60,11.77,100.0,100.0
2023/08/02,15.790,23.47,10.93,100.0,100.0
2023/08/03,15.232,21.99,9.55,100.0,100.0
2023/08/04,15.827,22.46,10.75,100.0,100.0
2023/08/05,16.089,23.97,10.59,100.0,100.0
2023/08/06,15.719,23.41,10.88,100.0,100.0
2023/08/07,15.628,21.28,11.49,100.0,100.0
2023/08/08,15.978,21.05,12.33,100.0,100.0
2023/08/09,14.651,20.26,11.04,100.0,100.0
2023/08/10,15.331,24.03,9.05,100.0,100.0
2023/08/11,14.758,23.20,9.69,100.0,100.0
2023/08/12,15.021,22.78,10.17,100.0,100.0
2023/08/13,13.480,19.87,10.14,100.0,100.0
2023/08/14,14.444,21.83,9.98,100.0,100.0
2023/08/15,13.413,19.55,10.69,100.0,100.0
2023/08/16,14.248,22.05,9.47,100.0,100.0
2023/08/17,15.033,23.54,9.94,100.0,100.0
2023/08/18,14.802,23.59,9.15,100.0,100.0
2023/08/19,14.966,21.90,10.63,100.0,100.0
2023/08/20,13.768,20.72,11.32,100.0,100.0
2023/08/21,13.450,18.96,10.52,100.0,100.0
2023/08/22,13.206,17.47,10.77,100.0,100.0
2023/08/23,14.667,23.25,7.87,100.0,100.0
2023/08/24,14.552,23.11,8.72,100.0,100.0
2023/08/25,15.074,22.43,10.26,100.0,100.0
2023/08/26,15.427,24.64,9.82,100.0,100.0
2023/08/27,16.136,25.44,9.41,100.0,100.0
2023/08/28,15.851,22.74,11.59,100.0,100.0
2023/08/29,16.515,25.18,11.47,100.0,100.0
2023/08/30,17.217,25.95,10.50,100.0,100.0
2023/08/31,16.809,24.31,11.56,100.0,100.0
2023/09/01,16.161,23.57,10.89,100.0,100.0
2023/09/02,15.832,23.68,10.44,100.0,100.0
2023/09/03,14.732,21.30,10.65,100.0,100.0
2023/09/04,15.399,21.91,11.33,100.0,100.0
2023/09/05,15.335,21.77,12.36,100.0,100.0
2023/09/06,16.003,23.51,10.06,100.0,100.0
2023/09/07,15.526,24.24,9.63,100.0,100.0
2023/09/08,15.543,25.47,9.78,100.0,100.0
2023/09/09,14.292,22.14,9.92,100.0,100.0
2023/09/10,14.490,21.41,9.36,100.0,100.0
2023/09/11,16.674,24.12,12.24,100.0,100.0
2023/09/12,15.885,25.79,10.60,100.0,100.0
2023/09/13,15.754,25.58,9.90,100.0,100.0
2023/09/14,16.162,23.46,11.06,100.0,100.0
2023/09/15,15.833,21.54,11.51,100.0,100.0
2023/09/16,15.347,23.19,10.21,100.0,100.0
2023/09/17,15.701,24.01,9.37,100.0,100.0
2023/09/18,15.717,23.72,11.37,100.0,100.0
2023/09/19,15.511,22.17,10.66,100.0,100.0
2023/09/20,15.839,22.75,10.94,100.0,100.0
2023/09/21,16.285,24.43,10.10,100.0,100.0
2023/09/22,15.352,23.10,10.09,100.0,100.0
2023/09/23,15.811,25.62,10.01,100.0,100.0
2023/09/24,16.500,23.35,11.86,100.0,100.0
2023/09/25,14.915,22.96,11.27,100.0,100.0
2023/09/26,15.087,23.00,10.32,100.0,100.0
2023/09/27,15.217,24.95,10.35,100.0,100.0
2023/09/28,14.651,22.14,9.53,100.0,100.0
2023/09/29,15.863,24.15,10.55,100.0,100.0
2023/09/30,15.655,22.75,12.10,100.0,100.0
2023/10/01,15.396,23.79,10.47,100.0,100.0
2023/10/02,14.929,24.11,10.01,100.0,100.0
2023/10/03,15.020,22.61,10.90,100.0,100.0
2023/10/04,15.011,22.45,10.01,100.0,100.0
2023/10/05,15.207,22.35,11.25,100.0,100.0
2023/10/06,16.012,23.82,11.11,100.0,100.0
2023/10/07,15.205,22.35,11.61,100.0,100.0
2023/10/08,14.816,19.35,11.48,100.0,100.0
2023/10/09,15.480,23.18,11.41,100.0,100.0
2023/10/10,14.946,21.91,12.20,100.0,100.0
2023/10/11,16.034,24.94,12.15,100.0,100.0
2023/10/12,14.997,23.84,10.77,100.0,100.0
2023/10/13,15.349,21.88,11.79,100.0,100.0
2023/10/14,13.470,18.90,10.74,100.0,100.0
2023/10/15,14.254,20.80,9.64,100.0,100.0
2023/10/16,15.616,23.56,11.37,100.0,100.0
2023/10/17,15.054,24.20,9.75,100.0,100.0
2023/10/18,15.727,24.55,10.36,100.0,100.0
2023/10/19,15.851,23.88,10.89,100.0,100.0
2023/10/20,14.196,21.53,10.33,100.0,100.0
2023/10/21,14.434,21.35,10.70,100.0,100.0
2023/10/22,15.192,23.66,11.52,100.0,100.0
2023/10/23,14.461,22.19,11.51,100.0,100.0
2023/10/24,15.013,21.83,11.35,100.0,100.0
2023/10/25,13.962,20.52,11.62,100.0,100.0
2023/10/26,12.524,15.23,10.78,100.0,100.0
2023/10/27,12.610,15.96,10.32,100.0,100.0
2023/10/28,12.382,16.17,10.30,100.0,100.0
2023/10/29,13.571,19.14,10.25,100.0,100.0
2023/10/30,14.716,20.55,10.65,100.0,100.0
2023/10/31,14.480,19.38,11.82,100.0,100.0
2023/11/01,13.911,19.88,11.39,100.0,100.0
2023/11/02,13.941,19.48,11.14,100.0,100.0
2023/11/03,14.353,21.03,10.10,100.0,100.0
2023/11/04,14.568,21.97,11.34,100.0,100.0
2023/11/05,15.025,22.31,10.88,100.0,100.0
2023/11/06,15.117,20.62,11.88,100.0,100.0
2023/11/07,15.805,22.76,11.42,100.0,100.0
2023/11/08,16.091,23.54,10.16,99.7,100.0
2023/11/09,16.007,22.63,11.78,100.0,100.0
2023/11/10,16.388,24.11,11.94,100.0,100.0
2023/11/11,15.549,22.88,11.60,100.0,100.0
2023/11/12,15.056,21.93,11.05,100.0,100.0
2023/11/13,16.333,23.99,11.27,100.0,100.0
2023/11/14,15.736,22.38,10.92,100.0,100.0
2023/11/15,15.175,21.31,11.40,100.0,100.0
2023/11/16,16.083,23.47,12.20,99.7,100.0
2023/11/17,15.571,22.01,11.29,100.0,100.0
2023/11/18,15.549,21.50,11.99,100.0,100.0
2023/11/19,14.657,22.17,11.01,100.0,100.0
2023/11/20,14.430,21.63,11.26,100.0,100.0
2023/11/21,14.125,19.74,10.57,100.0,100.0
2023/11/22,13.601,20.25,9.87,100.0,100.0
2023/11/23,13.450,19.56,9.82,100.0,100.0
2023/11/24,12.291,16.53,9.77,100.0,100.0
2023/11/25,13.819,19.68,10.55,100.0,100.0
2023/11/26,15.803,22.98,10.93,100.0,100.0
2023/11/27,16.242,21.91,12.17,100.0,100.0
2023/11/28,14.631,20.04,10.35,100.0,100.0
2023/11/29,14.239,20.36,10.77,100.0,100.0
2023/11/30,15.042,21.17,10.45,100.0,100.0
2023/12/01,14.885,21.39,10.81,100.0,100.0
2023/12/02,15.153,22.45,10.67,100.0,100.0
2023/12/03,15.997,24.13,11.08,100.0,100.0
2023/12/04,16.145,24.42,11.41,100.0,100.0
2023/12/05,14.825,20.82,11.16,100.0,100.0
2023/12/06,14.206,18.66,10.80,100.0,100.0
2023/12/07,14.443,19.83,11.70,100.0,100.0
2023/12/08,15.889,22.72,10.59,100.0,100.0
2023/12/09,16.394,23.89,11.35,100.0,100.0
2023/12/10,15.592,23.27,10.62,100.0,100.0
2023/12/11,15.881,22.50,10.73,100.0,100.0
2023/12/12,15.876,23.57,11.09,100.0,100.0
2023/12/13,15.755,21.65,12.57,100.0,100.0
2023/12/14,15.603,22.66,11.77,100.0,100.0
2023/12/15,13.982,18.20,12.48,100.0,100.0
2023/12/16,13.547,18.40,12.09,100.0,100.0
2023/12/17,14.038,18.34,11.87,100.0,100.0
2023/12/18,15.439,21.23,12.74,100.0,100.0
2023/12/19,14.537,20.95,10.77,100.0,100.0
2023/12/20,14.882,20.08,11.04,100.0,100.0
2023/12/21,15.663,21.88,11.55,100.0,100.0
2023/12/22,15.927,21.92,12.04,100.0,100.0
2023/12/23,14.444,17.61,12.47,100.0,100.0
2023/12/24,15.786,22.45,11.34,100.0,100.0
2023/12/25,14.904,21.12,12.05,100.0,100.0
2023/12/26,14.215,18.96,11.92,100.0,100.0
2023/12/27,13.969,18.53,11.10,100.0,100.0
2023/12/28,12.867,17.90,10.83,100.0,100.0
2023/12/29,13.732,19.40,10.26,100.0,100.0
2023/12/30,14.353,19.37,11.51,100.0,100.0
2023/12/31,14.547,19.64,11.68,100.0,100.0
2024/01/01,14.270,19.65,11.97,100.0,100.0
2024/01/02,13.219,18.12,10.10,100.0,100.0
2024/01/03,13.019,15.61,11.80,100.0,100.0
2024/01/04,13.665,18.73,10.65,100.0,100.0
2024/01/05,14.374,19.81,11.12,100.0,100.0
2024/01/06,14.827,20.42,11.68,100.0,100.0
2024/01/07,15.609,22.35,9.58,100.0,100.0
2024/01/08,14.327,20.54,10.64,100.0,100.0
2024/01/09,14.319,19.54,11.72,100.0,100.0
2024/01/10,14.599,20.90,11.57,100.0,100.0
2024/01/11,14.601,19.50,10.80,100.0,100.0
2024/01/12,13.371,18.20,11.20,100.0,100.0
2024/01/13,14.581,20.30,10.80,100.0,100.0
2024/01/14,14.984,21.70,10.16,100.0,100.0
2024/01/15,15.311,21.68,10.79,100.0,100.0
2024/01/16,14.972,19.13,11.60,100.0,100.0
2024/01/17,14.838,19.31,11.59,100.0,100.0
2024/01/18,15.809,21.00,12.16,100.0,100.0
2024/01/19,16.608,24.00,11.70,100.0,100.0
2024/01/20,15.865,22.90,11.56,100.0,100.0
2024/01/21,15.733,22.30,12.32,100.0,100.0
2024/01/22,16.946,25.35,11.44,100.0,100.0
2024/01/23,17.682,24.12,12.69,100.0,100.0
2024/01/24,17.346,25.30,12.36,100.0,100.0
2024/01/25,16.011,23.37,10.79,100.0,100.0
2024/01/26,15.749,23.39,10.91,100.0,100.0
2024/01/27,15.944,21.51,11.48,100.0,100.0
2024/01/28,16.421,23.10,11.99,100.0,100.0
2024/01/29,16.552,23.56,11.58,100.0,100.0
2024/01/30,16.298,22.50,11.66,100.0,100.0
2024/01/31,15.667,22.60,11.38,100.0,100.0
2024/02/01,15.907,22.68,11.61,100.0,100.0
2024/02/02,14.653,20.25,12.13,100.0,100.0
2024/02/03,15.015,21.39,11.37,100.0,100.0
2024/02/04,14.797,21.21,10.83,100.0,100.0
2024/02/05,13.374,19.03,10.89,100.0,100.0
2024/02/06,14.358,20.70,9.80,100.0,100.0
2024/02/07,14.510,20.90,11.08,100.0,100.0
2024/02/08,15.392,22.30,9.83,100.0,100.0
2024/02/09,16.011,22.56,11.84,100.0,100.0
2024/02/10,15.783,20.73,11.75,100.0,100.0
2024/02/11,15.330,21.71,10.25,100.0,100.0
2024/02/12,15.063,19.82,12.47,100.0,100.0
2024/02/13,15.305,21.94,11.69,100.0,100.0
2024/02/14,16.704,24.03,11.43,100.0,100.0
2024/02/15,17.594,23.93,13.26,100.0,100.0
2024/02/16,16.541,23.44,10.54,100.0,100.0
2024/02/17,16.279,23.46,12.38,100.0,100.0
2024/02/18,15.942,23.19,11.60,100.0,100.0
2024/02/19,15.433,21.18,11.48,100.0,100.0
2024/02/20,13.315,15.34,11.93,100.0,100.0
2024/02/21,12.722,16.67,11.01,100.0,100.0
2024/02/22,14.213,20.44,10.75,100.0,100.0
2024/02/23,14.457,20.58,11.78,100.0,100.0
2024/02/24,14.189,19.93,11.87,100.0,100.0
2024/02/25,13.961,17.63,11.38,100.0,100.0
2024/02/26,13.672,18.78,10.80,100.0,100.0
2024/02/27,14.718,22.16,10.76,100.0,100.0
2024/02/28,15.160,22.11,11.07,100.0,100.0
2024/02/29,15.623,22.31,12.24,100.0,100.0
2024/03/01,14.777,20.12,11.23,100.0,100.0
2024/03/02,13.514,17.80,11.79,100.0,100.0
2024/03/03,13.454,16.85,11.29,100.0,100.0
2024/03/04,15.057,20.16,11.86,100.0,100.0
2024/03/05,15.834,22.36,12.25,100.0,100.0
2024/03/06,15.686,21.01,12.18,100.0,100.0
2024/03/07,16.509,23.52,12.11,100.0,100.0
2024/03/08,15.766,21.88,12.34,100.0,100.0
2024/03/09,15.486,20.36,11.70,100.0,100.0
2024/03/10,16.209,23.87,11.56,100.0,100.0
2024/03/11,16.521,23.10,11.79,100.0,100.0
2024/03/12,16.526,23.21,11.79,100.0,100.0
2024/03/13,16.738,23.17,12.38,100.0,100.0
2024/03/14,16.368,22.27,12.19,100.0,100.0
2024/03/15,15.829,21.70,12.82,100.0,100.0
2024/03/16,16.965,23.68,12.36,100.0,100.0
2024/03/17,17.117,24.59,11.41,100.0,100.0
2024/03/18,17.321,24.29,12.30,100.0,100.0
2024/03/19,16.604,23.37,12.24,100.0,100.0
2024/03/20,16.198,23.10,11.78,100.0,100.0
2024/03/21,15.425,21.10,11.81,100.0,100.0
2024/03/22,14.563,17.81,12.87,100.0,100.0
2024/03/23,15.673,21.07,13.15,100.0,100.0
2024/03/24,15.658,21.98,12.04,100.0,100.0
2024/03/25,14.556,20.72,12.03,100.0,100.0
2024/03/26,13.843,19.58,11.07,100.0,100.0
2024/03/27,13.920,20.52,11.34,100.0,100.0
2024/03/28,14.935,21.09,11.22,100.0,100.0
2024/03/29,14.452,18.51,12.36,100.0,100.0
2024/03/30,15.253,20.68,11.07,100.0,100.0
2024/03/31,14.736,20.21,11.53,100.0,100.0
2024/04/01,14.254,19.84,11.52,100.0,100.0
2024/04/02,12.840,15.28,11.96,100.0,100.0
2024/04/03,13.182,17.20,11.36,100.0,100.0
2024/04/04,13.431,18.55,11.53,100.0,100.0
2024/04/05,14.216,19.64,10.84,100.0,100.0
2024/04/06,14.975,21.11,10.97,100.0,100.0
2024/04/07,16.180,22.52,11.53,100.0,100.0
2024/04/08,15.513,22.11,12.02,100.0,100.0
2024/04/09,15.346,22.25,10.35,100.0,100.0
2024/04/10,14.764,20.52,10.26,100.0,100.0
2024/04/11,15.695,23.07,10.01,100.0,100.0
2024/04/12,16.077,24.09,11.09,100.0,100.0
2024/04/13,15.627,22.61,11.30,100.0,100.0
2024/04/14,15.801,22.66,11.49,100.0,100.0
2024/04/15,15.705,21.68,12.27,100.0,100.0
2024/04/16,16.639,23.83,12.29,100.0,100.0
2024/04/17,15.498,21.43,11.52,100.0,100.0
2024/04/18,15.533,22.46,11.17,100.0,100.0
2024/04/19,12.223,13.64,10.69,100.0,100.0
2024/04/20,14.492,21.22,9.80,100.0,100.0
2024/04/21,13.797,18.59,11.08,100.0,100.0
2024/04/22,13.090,17.62,10.55,100.0,100.0
2024/04/23,14.758,20.06,11.77,100.0,100.0
2024/04/24,15.547,21.64,11.82,100.0,100.0
2024/04/25,14.173,19.21,10.44,100.0,100.0
2024/04/26,15.010,21.21,11.64,100.0,100.0
2024/04/27,14.264,19.43,11.79,100.0,100.0
2024/04/28,14.378,19.82,11.50,100.0,100.0
2024/04/29,14.643,21.60,10.84,100.0,100.0
2024/04/30,15.183,21.24,12.46,100.0,100.0
2024/05/01,15.378,21.58,11.04,100.0,100.0
2024/05/02,15.521,21.67,11.76,100.0,100.0
2024/05/03,14.497,19.43,12.46,100.0,100.0
2024/05/04,14.727,19.62,12.01,100.0,100.0
2024/05/05,12.914,17.27,10.40,100.0,100.0
2024/05/06,15.359,20.97,12.13,100.0,100.0
2024/05/07,14.773,19.35,11.81,79.2,79.2
2024/05/08,,,,,
2024/05/09,,,,0.7,0.0
2024/05/10,,,,,
2024/05/11,,,,28.5,29.2
2024/05/12,16.056,23.50,11.00,100.0,100.0
2024/05/13,15.010,21.50,11.60,100.0,100.0
2024/05/14,13.865,17.50,11.50,99.7,100.0
2024/05/15,14.520,20.00,11.90,100.0,100.0
2024/05/16,14.556,21.40,11.50,99.7,100.0
2024/05/17,15.263,21.00,12.10,99.7,100.0
2024/05/18,16.478,23.10,11.90,99.7,100.0
2024/05/19,16.898,24.10,11.40,100.0,100.0
2024/05/20,16.779,23.20,12.10,100.0,100.0
2024/05/21,16.375,24.10,11.50,100.0,100.0
2024/05/22,15.586,21.30,11.80,100.0,100.0
2024/05/23,14.150,19.20,12.20,99.7,100.0
2024/05/24,14.597,20.20,10.90,100.0,100.0
2024/05/25,15.197,22.10,11.50,100.0,100.0
2024/05/26,15.568,23.10,10.80,100.0,100.0
2024/05/27,15.059,22.40,10.90,100.0,100.0
2024/05/28,14.077,19.00,11.70,100.0,100.0
2024/05/29,13.593,17.90,11.90,100.0,100.0
2024/05/30,15.471,22.90,11.20,100.0,100.0
2024/05/31,17.102,23.90,11.80,100.0,100.0
2024/06/01,18.002,25.20,12.50,100.0,100.0
2024/06/02,16.848,22.80,11.60,100.0,100.0
2024/06/03,17.102,24.00,12.30,100.0,100.0
2024/06/04,15.217,19.00,12.60,100.0,100.0
2024/06/05,14.084,19.70,11.30,100.0,100.0
2024/06/06,13.672,19.30,11.00,100.0,100.0
2024/06/07,14.700,21.10,11.20,100.0,100.0
2024/06/08,15.097,21.70,11.10,100.0,100.0
2024/06/09,15.148,21.70,11.20,100.0,100.0
2024/06/10,14.422,19.70,11.50,100.0,100.0
2024/06/11,15.856,23.70,11.90,100.0,100.0
2024/06/12,14.582,21.70,10.80,99.7,100.0
2024/06/13,14.108,20.40,11.30,100.0,100.0
2024/06/14,13.445,18.40,11.00,100.0,100.0
2024/06/15,12.982,18.20,10.90,100.0,100.0
2024/06/16,13.853,19.70,10.40,100.0,100.0
2024/06/17,15.467,23.30,11.10,100.0,100.0
2024/06/18,14.566,22.80,9.10,99.3,100.0
2024/06/19,13.585,18.30,10.80,100.0,100.0
2024/06/20,14.217,19.80,10.90,100.0,100.0
2024/06/21,13.851,20.40,10.90,100.0,100.0
2024/06/22,14.076,20.50,9.80,100.0,100.0
2024/06/23,14.756,22.00,11.00,100.0,100.0
2024/06/24,15.641,24.10,10.40,100.0,100.0
2024/06/25,14.376,21.10,9.90,100.0,100.0
2024/06/26,13.717,20.40,10.20,100.0,100.0
2024/06/27,13.211,19.30,9.80,100.0,100.0
2024/06/28,14.010,20.30,10.40,100.0,100.0
2024/06/29,14.769,20.70,11.00,100.0,100.0
2024/06/30,14.015,20.50,11.00,100.0,100.0
2024/07/01,14.546,22.20,9.90,100.0,100.0
2024/07/02,14.432,20.50,10.50,100.0,100.0
2024/07/03,13.920,19.80,10.90,100.0,100.0
2024/07/04,12.996,19.40,9.90,100.0,100.0
2024/07/05,13.111,18.00,10.50,100.0,100.0
2024/07/06,14.702,21.50,10.20,100.0,100.0
2024/07/07,15.395,21.60,11.10,100.0,100.0
2024/07/08,15.891,23.40,11.10,100.0,100.0
2024/07/09,14.218,21.60,9.50,100.0,100.0
2024/07/10,15.463,24.10,10.30,100.0,100.0
2024/07/11,15.017,22.60,10.70,100.0,100.0
2024/07/12,15.267,20.70,10.60,100.0,100.0
2024/07/13,16.068,21.80,11.60,100.0,100.0
2024/07/14,17.067,24.10,12.30,100.0,100.0
2024/07/15,17.308,25.40,11.80,100.0,100.0
2024/07/16,16.228,25.20,10.60,100.0,100.0
2024/07/17,15.900,23.70,9.60,100.0,100.0
2024/07/18,14.985,22.10,9.60,100.0,100.0
2024/07/19,15.238,23.20,9.40,100.0,100.0
2024/07/20,16.531,25.30,10.90,100.0,100.0
2024/07/21,16.222,24.30,11.20,100.0,100.0
2024/07/22,16.104,23.80,11.50,100.0,100.0
2024/07/23,15.602,23.60,10.10,100.0,100.0
2024/07/24,16.111,25.10,9.70,100.0,100.0
2024/07/25,14.281,22.10,9.40,100.0,100.0
2024/07/26,14.798,24.80,9.90,100.0,100.0
2024/07/27,15.647,23.10,9.80,100.0,100.0
2024/07/28,17.495,24.90,12.40,99.7,100.0
2024/07/29,17.159,25.10,12.10,100.0,100.0
2024/07/30,16.817,23.20,12.10,100.0,100.0
2024/07/31,16.361,23.80,11.80,100.0,100.0
2024/08/01,14.518,20.20,10.40,100.0,100.0
2024/08/02,14.830,22.50,9.30,100.0,100.0
2024/08/03,13.872,22.20,7.50,100.0,100.0
2024/08/04,13.930,20.70,10.20,100.0,100.0
2024/08/05,14.139,21.60,10.00,100.0,100.0
2024/08/06,14.692,21.20,10.80,100.0,100.0
2024/08/07,15.231,24.30,10.40,100.0,100.0
2024/08/08,15.729,24.80,10.00,100.0,100.0
2024/08/09,13.450,20.30,9.80,100.0,100.0
2024/08/10,14.322,22.50,10.40,100.0,100.0
2024/08/11,14.556,20.50,10.10,100.0,100.0
2024/08/12,15.217,21.80,10.50,100.0,100.0
2024/08/13,16.445,24.40,12.00,100.0,100.0
2024/08/14,15.494,23.60,9.40,100.0,100.0
2024/08/15,15.882,23.00,10.90,100.0,100.0
2024/08/16,15.848,22.60,11.30,100.0,100.0
2024/08/17,15.848,23.70,10.30,100.0,100.0
2024/08/18,16.389,24.30,10.80,100.0,100.0
2024/08/19,15.894,23.80,11.10,100.0,100.0
2024/08/20,15.721,23.40,10.40,100.0,100.0
2024/08/21,15.488,22.00,11.20,100.0,100.0
2024/08/22,15.131,24.00,9.00,99.7,100.0
2024/08/23,15.291,24.30,10.70,99.7,100.0
2024/08/24,14.883,22.10,10.20,100.0,100.0
2024/08/25,13.892,19.80,9.70,100.0,100.0
2024/08/26,14.911,21.90,10.10,99.7,100.0
2024/08/27,15.842,22.60,11.20,100.0,100.0
2024/08/28,16.709,25.60,10.80,100.0,100.0
2024/08/29,15.544,23.70,9.70,100.0,100.0
2024/08/30,15.998,25.20,9.60,100.0,100.0
2024/08/31,15.410,26.10,8.70,100.0,100.0
2024/09/01,15.863,24.70,9.80,100.0,100.0
2024/09/02,16.200,22.50,12.10,100.0,100.0
2024/09/03,15.572,23.70,10.50,100.0,100.0
2024/09/04,16.731,25.70,9.40,100.0,100.0
2024/09/05,16.512,22.60,11.70,99.7,100.0
2024/09/06,17.275,23.90,12.20,100.0,100.0
2024/09/07,16.236,24.10,10.40,100.0,100.0
2024/09/08,16.314,23.00,11.30,100.0,100.0
2024/09/09,15.996,21.40,12.20,100.0,100.0
2024/09/10,16.705,25.60,10.30,99.7,100.0
2024/09/11,16.496,26.00,10.10,100.0,100.0
2024/09/12,16.514,26.00,11.00,99.0,100.0
2024/09/13,16.385,24.70,10.80,99.3,100.0
2024/09/14,16.896,26.20,10.10,100.0,100.0
2024/09/15,16.956,25.20,10.80,100.0,100.0
2024/09/16,16.158,21.50,12.20,99.7,100.0
2024/09/17,17.004,24.70,12.20,99.0,100.0
2024/09/18,16.952,25.30,11.90,100.0,100.0
2024/09/19,15.671,24.00,10.70,99.7,100.0
2024/09/20,14.748,24.00,8.80,100.0,100.0
2024/09/21,13.231,19.60,8.60,100.0,100.0
2024/09/22,13.976,21.40,9.90,100.0,100.0
2024/09/23,16.102,25.60,9.80,100.0,100.0
2024/09/24,15.671,25.69,9.31,100.0,100.0
2024/09/25,14.948,24.74,8.63,100.0,100.0
2024/09/26,15.160,25.55,9.63,100.0,100.0
2024/09/27,13.914,22.30,10.27,100.0,100.0
2024/09/28,12.569,18.14,10.03,100.0,100.0
2024/09/29,13.835,21.06,9.83,100.0,100.0
2024/09/30,14.229,21.51,9.80,100.0,100.0
2024/10/01,14.016,21.27,10.97,100.0,100.0
2024/10/02,13.256,19.50,9.93,100.0,100.0
2024/10/03,14.930,23.92,10.53,100.0,100.0
2024/10/04,14.307,21.37,9.95,100.0,100.0
2024/10/05,14.752,21.64,10.52,100.0,100.0
2024/10/06,14.776,21.24,11.10,100.0,100.0
2024/10/07,15.186,24.70,11.40,99.7,100.0
2024/10/08,13.291,19.60,10.90,100.0,100.0
2024/10/09,13.733,21.30,10.10,100.0,100.0
2024/10/10,13.394,19.90,11.20,100.0,100.0
2024/10/11,14.973,21.70,11.10,100.0,100.0
2024/10/12,15.917,24.10,11.10,100.0,100.0
2024/10/13,15.759,22.10,11.40,100.0,100.0
2024/10/14,15.875,23.70,11.30,100.0,100.0
2024/10/15,15.749,24.50,10.20,100.0,100.0
2024/10/16,15.214,25.50,8.80,100.0,100.0
2024/10/17,16.811,26.30,10.50,100.0,100.0
2024/10/18,16.509,24.60,10.60,100.0,100.0
2024/10/19,15.631,22.80,10.40,100.0,100.0
2024/10/20,14.670,21.30,11.20,100.0,100.0
2024/10/21,14.440,21.70,10.20,100.0,100.0
2024/10/22,14.821,22.70,9.00,100.0,100.0
2024/10/23,15.149,22.10,10.20,100.0,100.0
2024/10/24,15.312,22.80,10.90,100.0,100.0
2024/10/25,16.530,25.90,11.40,100.0,100.0
2024/10/26,15.963,25.40,10.60,100.0,100.0
2024/10/27,15.730,24.60,11.10,100.0,100.0
2024/10/28,15.090,21.60,10.90,100.0,100.0
2024/10/29,15.688,23.70,11.10,100.0,100.0
2024/10/30,13.884,21.80,9.70,100.0,100.0
2024/10/31,13.680,21.60,10.10,100.0,100.0
2024/11/01,13.457,20.50,10.20,100.0,100.0
2024/11/02,14.052,20.30,10.50,100.0,100.0
2024/11/03,14.505,21.90,10.40,100.0,100.0
2024/11/04,14.209,21.80,10.60,100.0,100.0
2024/11/05,15.308,23.10,8.60,100.0,100.0
2024/11/06,15.798,24.40,10.60,100.0,100.0
2024/11/07,14.927,22.80,10.60,100.0,100.0
2024/11/08,13.752,21.30,9.50,100.0,100.0
2024/11/09,13.749,20.60,8.75,100.0,100.0
2024/11/10,13.776,20.90,9.70,100.0,100.0
2024/11/11,13.708,21.30,8.50,100.0,100.0
2024/11/12,13.493,21.00,8.40,100.0,100.0
2024/11/13,14.431,21.20,10.30,100.0,100.0
2024/11/14,13.323,19.80,9.30,100.0,100.0
2024/11/15,14.635,21.55,10.27,100.0,100.0
2024/11/16,14.280,20.43,10.82,100.0,100.0
2024/11/17,14.414,21.34,10.49,100.0,100.0
2024/11/18,13.506,19.80,10.90,100.0,100.0
2024/11/19,14.012,21.29,10.30,100.0,100.0
2024/11/20,13.820,20.71,8.62,100.0,100.0
2024/11/21,12.846,17.90,10.90,100.0,100.0
2024/11/22,14.295,21.90,10.70,100.0,100.0
2024/11/23,15.183,22.10,10.50,100.0,100.0
2024/11/24,15.102,24.10,9.80,100.0,100.0
2024/11/25,14.859,23.70,10.10,100.0,100.0
2024/11/26,14.408,21.66,9.99,100.0,100.0
2024/11/27,14.594,21.99,10.59,100.0,100.0
2024/11/28,14.475,20.96,11.17,100.0,100.0
2024/11/29,15.343,22.30,10.72,100.0,100.0
2024/11/30,16.385,23.80,11.60,100.0,100.0
2024/12/01,15.101,24.40,9.30,100.0,100.0
2024/12/02,14.546,22.70,9.90,100.0,100.0
2024/12/03,14.756,21.60,10.90,100.0,100.0
2024/12/04,14.510,21.40,11.30,100.0,100.0
2024/12/05,14.059,19.90,11.40,100.0,100.0
2024/12/06,13.303,18.30,11.10,100.0,100.0
2024/12/07,13.489,19.20,10.90,100.0,100.0
2024/12/08,14.589,21.00,10.40,100.0,100.0
2024/12/09,14.621,21.60,10.80,100.0,100.0
2024/12/10,15.074,22.80,10.50,100.0,100.0
2024/12/11,14.458,20.60,11.20,100.0,100.0
2024/12/12,14.665,20.20,10.90,100.0,100.0
2024/12/13,13.374,18.60,11.60,100.0,100.0
2024/12/14,13.720,19.20,10.80,100.0,100.0
2024/12/15,14.020,19.50,10.90,100.0,100.0
2024/12/16,14.908,21.50,10.90,100.0,100.0
2024/12/17,15.295,22.50,11.00,100.0,100.0
2024/12/18,14.819,22.50,9.70,100.0,100.0
2024/12/19,14.497,20.60,10.10,100.0,100.0
2024/12/20,14.331,20.60,11.00,100.0,100.0
2024/12/21,14.520,20.58,11.15,100.0,100.0
2024/12/22,13.930,19.92,11.14,100.0,100.0
2024/12/23,13.672,19.05,10.75,100.0,100.0
2024/12/24,13.411,17.76,11.06,100.0,100.0
2024/12/25,14.664,20.36,11.21,100.0,100.0
2024/12/26,13.867,19.17,11.45,100.0,100.0
2024/12/27,13.136,18.47,10.83,99.3,100.0
2024/12/28,13.319,18.65,10.74,100.0,100.0
2024/12/29,12.668,16.72,10.96,100.0,100.0
2024/12/30,12.619,17.80,10.61,100.0,100.0
2024/12/31,13.088,19.00,10.90,100.0,100.0
2025/01/01,12.753,17.80,10.80,100.0,100.0
2025/01/02,12.497,16.20,10.70,100.0,100.0
2025/01/03,12.001,15.90,10.40,100.0,100.0
2025/01/04,12.273,16.73,10.20,100.0,100.0
2025/01/05,12.973,17.80,10.40,100.0,100.0
2025/01/06,14.221,20.40,10.00,100.0,100.0
2025/01/07,14.211,20.40,10.40,99.3,100.0
2025/01/08,13.845,20.60,10.90,99.7,100.0
2025/01/09,13.470,18.50,10.30,100.0,100.0
2025/01/10,13.786,18.70,11.10,100.0,100.0
2025/01/11,14.208,20.30,10.70,100.0,100.0
2025/01/12,14.243,20.30,10.10,100.0,100.0
2025/01/13,13.942,19.90,9.80,100.0,100.0
2025/01/14,14.306,19.90,11.20,100.0,100.0
2025/01/15,13.769,19.50,10.80,100.0,100.0
2025/01/16,13.000,18.30,10.80,100.0,100.0
2025/01/17,12.817,19.00,9.30,100.0,100.0
2025/01/18,13.747,20.50,9.40,100.0,100.0
2025/01/19,13.826,19.40,9.50,100.0,100.0
2025/01/20,13.523,20.80,10.10,100.0,100.0
2025/01/21,13.863,20.30,8.60,100.0,100.0
2025/01/22,14.008,20.90,10.50,100.0,100.0
2025/01/23,14.315,22.10,9.20,99.7,100.0
2025/01/24,14.784,21.50,11.10,100.0,100.0
2025/01/25,14.040,19.40,10.80,100.0,100.0
2025/01/26,14.760,21.00,9.90,100.0,100.0
2025/01/27,14.774,22.30,10.00,100.0,100.0
2025/01/28,,,,52.8,50.0
2025/01/29,,,,26.0,25.0
2025/01/30,14.918,20.90,11.50,100.0,100.0
2025/01/31,15.060,22.50,10.80,100.0,100.0
2025/02/01,14.451,22.40,10.50,100.0,100.0
2025/02/02,15.150,22.00,10.10,100.0,100.0
2025/02/03,14.803,20.60,12.00,99.7,100.0
2025/02/04,14.085,19.90,11.30,100.0,100.0
2025/02/05,14.411,19.90,10.80,100.0,100.0
2025/02/06,13.889,20.50,10.90,99.7,100.0
2025/02/07,13.476,19.90,10.60,100.0,100.0
2025/02/08,13.962,18.80,11.20,100.0,100.0
2025/02/09,14.390,20.30,10.90,100.0,100.0
2025/02/10,,,,39.6,37.5
2025/02/11,,,,,
2025/02/12,,,,,
2025/02/13,,,,,
2025/02/14,,,,64.6,66.7
2025/02/15,,,,41.0,41.7
2025/02/16,,,,0.3,0.0
2025/02/17,,,,,
2025/02/18,,,,66.7,62.5
2025/02/19,13.398,19.50,10.40,99.0,100.0
2025/02/20,13.086,22.10,11.30,97.2,95.8
2025/02/21,13.386,21.40,10.90,100.0,100.0
2025/02/22,13.977,20.50,10.70,100.0,100.0
2025/02/23,14.131,19.50,10.90,100.0,100.0
2025/02/24,14.016,21.80,11.70,100.0,100.0
2025/02/25,14.742,20.80,11.20,97.6,100.0
2025/02/26,14.291,20.50,11.00,98.6,95.8
2025/02/27,13.666,20.40,11.00,100.0,100.0
2025/02/28,13.049,16.90,10.60,100.0,100.0
2025/03/01,13.737,18.50,11.00,100.0,100.0
2025/03/02,13.242,17.70,10.80,100.0,100.0
2025/03/03,13.270,19.80,10.00,100.0,100.0
2025/03/04,13.608,19.00,10.90,100.0,100.0
2025/03/05,12.473,16.10,10.50,100.0,100.0
2025/03/06,11.958,16.90,10.10,100.0,100.0
2025/03/07,13.986,20.40,10.10,100.0,100.0
2025/03/08,14.171,20.80,11.00,100.0,100.0
2025/03/09,12.330,18.70,9.60,100.0,100.0
2025/03/10,13.251,19.30,9.90,100.0,100.0
2025/03/11,11.683,14.70,9.40,100.0,100.0
2025/03/12,,,,59.0,58.3
2025/03/13,,,,,
2025/03/14,,,,19.1,16.7
2025/03/15,12.918,18.20,9.50,100.0,100.0
2025/03/16,14.155,19.50,11.00,100.0,100.0
2025/03/17,13.298,18.60,11.00,100.0,100.0
2025/03/18,13.550,20.10,10.50,100.0,100.0
2025/03/19,14.790,22.00,10.50,100.0,100.0
2025/03/20,14.313,20.50,10.20,100.0,100.0
2025/03/21,15.260,21.00,10.80,100.0,100.0
2025/03/22,15.596,21.70,10.80,100.0,100.0
2025/03/23,15.290,21.60,10.80,100.0,100.0
2025/03/24,14.659,20.50,10.30,100.0,100.0
2025/03/25,14.818,20.70,11.20,100.0,100.0
2025/03/26,14.562,19.60,11.80,100.0,100.0
2025/03/27,13.494,19.30,11.40,100.0,100.0
2025/03/28,12.767,17.50,11.30,100.0,100.0
2025/03/29,13.596,19.10,10.70,100.0,100.0
2025/03/30,13.100,17.80,11.00,100.0,100.0
2025/03/31,13.042,18.60,10.70,99.7,100.0
2025/04/01,13.564,18.50,10.40,100.0,100.0
2025/04/02,13.981,19.70,10.90,100.0,100.0
2025/04/03,13.901,19.60,11.70,100.0,100.0
2025/04/04,14.208,20.90,11.70,100.0,100.0
2025/04/05,15.019,21.50,11.40,100.0,100.0
2025/04/06,13.394,19.30,10.80,100.0,100.0
2025/04/07,14.753,21.70,11.60,100.0,100.0
2025/04/08,13.624,20.40,10.90,100.0,100.0
2025/04/09,14.420,20.20,10.80,100.0,100.0
2025/04/10,13.392,18.30,11.20,100.0,100.0
2025/04/11,12.033,15.40,10.80,100.0,100.0
2025/04/12,13.900,20.60,10.40,100.0,100.0
2025/04/13,14.450,20.50,11.70,100.0,100.0
2025/04/14,15.310,21.90,10.90,100.0,100.0
2025/04/15,15.945,22.80,11.10,100.0,100.0
2025/04/16,15.203,21.50,9.90,100.0,100.0
2025/04/17,16.292,23.30,11.70,100.0,100.0
2025/04/18,16.664,23.40,12.00,100.0,100.0
2025/04/19,15.242,21.60,10.10,100.0,100.0
2025/04/20,15.102,22.60,11.70,100.0,100.0
2025/04/21,14.398,20.40,11.20,100.0,100.0
2025/04/22,14.232,20.30,10.60,100.0,100.0
2025/04/23,14.993,20.70,11.10,100.0,100.0
2025/04/24,14.107,18.80,10.90,100.0,100.0
2025/04/25,13.425,19.20,9.90,100.0,100.0
2025/04/26,13.566,19.00,11.50,100.0,100.0
2025/04/27,13.712,19.30,9.90,100.0,100.0
2025/04/28,12.233,13.80,10.20,100.0,100.0
2025/04/29,13.188,19.20,9.90,100.0,100.0
2025/04/30,13.123,18.80,10.20,100.0,100.0
2025/05/01,13.597,18.50,10.90,100.0,100.0
2025/05/02,14.384,20.00,11.50,100.0,100.0
2025/05/03,14.102,20.00,11.30,100.0,100.0
2025/05/04,14.321,19.60,11.00,100.0,100.0
2025/05/05,12.662,17.00,9.50,100.0,100.0
2025/05/06,13.589,18.80,10.20,100.0,100.0
2025/05/07,14.082,19.80,10.40,100.0,100.0
2025/05/08,13.345,18.40,11.10,100.0,100.0
2025/05/09,15.189,22.30,9.70,100.0,100.0
2025/05/10,16.137,21.50,11.70,100.0,100.0
2025/05/11,15.744,21.40,11.70,100.0,100.0
2025/05/12,14.857,20.60,11.10,100.0,100.0
2025/05/13,14.347,21.60,11.10,100.0,100.0
2025/05/14,14.409,21.30,10.60,100.0,100.0
2025/05/15,13.465,17.20,11.60,100.0,100.0
2025/05/16,12.809,16.50,10.90,100.0,100.0
2025/05/17,12.908,18.20,10.50,100.0,100.0
2025/05/18,12.979,18.40,10.30,99.7,100.0
2025/05/19,13.097,17.70,10.10,100.0,100.0
2025/05/20,14.450,19.80,10.50,99.7,100.0
2025/05/21,14.686,20.70,10.50,100.0,100.0
2025/05/22,15.557,22.50,10.60,100.0,100.0
2025/05/23,15.844,22.60,11.90,100.0,100.0
2025/05/24,15.104,21.00,11.50,100.0,100.0
2025/05/25,14.304,18.80,11.30,100.0,100.0
2025/05/26,13.711,18.60,11.20,100.0,100.0
2025/05/27,14.676,21.30,10.30,100.0,100.0
2025/05/28,15.405,22.10,11.20,100.0,100.0
2025/05/29,16.233,22.50,10.90,100.0,100.0
2025/05/30,14.948,20.60,11.40,100.0,100.0
2025/05/31,14.069,19.70,11.50,100.0,100.0
2025/06/01,14.591,20.30,11.40,100.0,100.0
2025/06/02,14.845,21.80,9.10,90.6,91.7
2025/06/03,,,,,
2025/06/04,,,,,
2025/06/05,,,,,
2025/06/06,,,,,
2025/06/07,,,,,
2025/06/08,,,,,
2025/06/09,,,,,
2025/06/10,,,,,
2025/06/11,,,,,
2025/06/12,,,,,
2025/06/13,,,,,
2025/06/14,,,,,
2025/06/15,,,,,
2025/06/16,,,,,
2025/06/17,,,,,
2025/06/18,,,,,
2025/06/19,,,,,
2025/06/20,,,,,
2025/06/21,,,,,
2025/06/22,,,,,
2025/06/23,,,,,
2025/06/24,,,,,
2025/06/25,,,,,
2025/06/26,,,,,
2025/06/27,,,,,
2025/06/28,,,,,
2025/06/29,,,,,
2025/06/30,,,,,
